ID,LabCode,UseForAnalyses,C14Age,C14Error,Method,SiteName_jp,SiteName_en,Latitude,Longitude,Prefecture,Region,Context,PublicationYear,Reference,Notes
1,136469,TRUE,650,40,AMS,林遺跡,Hayashiiseki,32.52908056,131.6702389,Miyazaki,Kyushu,試料名:№6　C3区SC7,2008,宮崎県埋蔵文化財センター発掘調査報告書　第174集　林遺跡Ⅱ　一般国道10号延岡道路建設事業に伴う埋蔵文化財発掘調査報告書4,LabCode was not fully reported.
2,Beta-100179,FALSE,620,50,AMS,K39遺跡,K36iseki,43.07331944,141.3336611,Hokkaido,Hokkaido,"第Ⅱ文化層　5層　灰集中DA55, U-39-C55b",1997,札幌市文化財調査報告書54　K39遺跡大木地点,Outside window of analysis
3,Beta-100180,FALSE,700,50,AMS,K39遺跡,K36iseki,43.07331944,141.3336611,Hokkaido,Hokkaido,"第Ⅳ文化層　土坑覆土　土坑Pit12b, U-39-C12b",1997,札幌市文化財調査報告書54　K39遺跡大木地点,Outside window of analysis
4,Beta-138182,FALSE,590,40,AMS,K39遺跡,K36iseki,43.07331944,141.3336611,Hokkaido,Hokkaido,"5a層　34-07区　炉址5HE08, K39N18-04",2001,札幌市文化財調査報告書65　K39遺跡第6次調査（第5分冊）,Outside window of analysis
5,Beta-145777,TRUE,1970,40,AMS,真田･北金目遺跡群,Sanada・Kitakanabeisekigun,35.36831944,139.2834806,Kanagawa,Kanto,6区 SI115,2003,平塚市真田･北金目遺跡群発掘調査報告書3　第4分冊,
6,Beta-145778,TRUE,2000,40,AMS,真田･北金目遺跡群,Sanada・Kitakanabeisekigun,35.36831944,139.2834806,Kanagawa,Kanto,6区 SI115,2003,平塚市真田･北金目遺跡群発掘調査報告書3　第4分冊,
7,Beta-145779,TRUE,1860,40,AMS,真田･北金目遺跡群,Sanada・Kitakanabeisekigun,35.36831944,139.2834806,Kanagawa,Kanto,32B地点　SI008,2003,平塚市真田･北金目遺跡群発掘調査報告書3　第4分冊,
8,Beta-159752,TRUE,2140,40,AMS,青谷上寺地遺跡,Aoyakamijichiiseki,35.51398889,134.0126194,Tottori,Chugoku,NA,2009,弥生農耕の起源と東アジア-炭素14年代測定による高精度編年体系の構築-平成16～20年文部科学省・科学研究費学術創成研究費　研究成果報告書,
9,Beta-159754,TRUE,2150,40,AMS,青谷上寺地遺跡,Aoyakamijichiiseki,35.51398889,134.0126194,Tottori,Chugoku,NA,2009,弥生農耕の起源と東アジア-炭素14年代測定による高精度編年体系の構築-平成16～20年文部科学省・科学研究費学術創成研究費　研究成果報告書,
10,Beta-159755,TRUE,2110,40,AMS,青谷上寺地遺跡,Aoyakamijichiiseki,35.51398889,134.0126194,Tottori,Chugoku,NA,2009,弥生農耕の起源と東アジア-炭素14年代測定による高精度編年体系の構築-平成16～20年文部科学省・科学研究費学術創成研究費　研究成果報告書,
11,Beta-161153,TRUE,1610,50,AMS,三和工業団地Ⅲ遺跡,Sanwakogyodanchi3iseki,36.35008889,139.22455,Gunma,Kanto,"11号住居跡,土器27",2004,三和工業団地Ⅱ･Ⅲ・Ⅳ遺跡-自然科学分析編-,
12,Beta-162483,TRUE,1010,40,AMS,朝日山(2)遺跡,Asahiyama(2)iseki,40.76765317,140.7126579,Aomori,Tohoku,SI-744　床面,2003,青森県埋蔵文化財調査報告書第350集　朝日山(2)遺跡Ⅶ,
13,Beta-173934,TRUE,1160,40,AMS,朝日山(2)遺跡,Asahiyama(2)iseki,40.76765317,140.7126579,Aomori,Tohoku,SI-744　覆土,2004,青森県埋蔵文化財調査報告書第369集　朝日山(2)遺跡Ⅸ,
14,Beta-175421,TRUE,1510,40,AMS,沼向遺跡,Numamukaiiseki,38.28105,141.00105,Miyagi,Tohoku,第10次調査　SX10217 4b層,2010,仙台市文化財調査報告書第360集　沼向遺跡第4〜34次調査　第9分冊,
15,Beta-175422,TRUE,1530,40,AMS,沼向遺跡,Numamukaiiseki,38.28105,141.00105,Miyagi,Tohoku,第10次調査　SX10217 4b層,2010,仙台市文化財調査報告書第360集　沼向遺跡第4〜34次調査　第9分冊,
16,Beta-182501,TRUE,2490,50,AMS,唐古・鍵遺跡,Karako-Kagiiseki,34.573,135.7973194,Nara,Kansai,"20次,SK215土坑,2層,707",2009,弥生農耕の起源と東アジア-炭素14年代測定による高精度編年体系の構築-平成16～20年文部科学省・科学研究費学術創成研究費　研究成果報告書,
17,Beta-185250,TRUE,1880,40,AMS,下老子笹川遺跡,Shimoigosasagawaiseki,36.71241944,136.9435611,Toyama,Chubu,SI8A区,2006,富山県文化振興財団埋蔵文化財発掘調査報告第31集　下老子笹川遺跡発掘調査報告(第五分冊　自然科学分析･考察編),
18,Beta-185251,TRUE,1820,40,AMS,下老子笹川遺跡,Shimoigosasagawaiseki,36.71241944,136.9435611,Toyama,Chubu,SI8B区,2006,富山県文化振興財団埋蔵文化財発掘調査報告第31集　下老子笹川遺跡発掘調査報告(第五分冊　自然科学分析･考察編),
19,Beta-185252,TRUE,1910,40,AMS,下老子笹川遺跡,Shimoigosasagawaiseki,36.71241944,136.9435611,Toyama,Chubu,SI9A区,2006,富山県文化振興財団埋蔵文化財発掘調査報告第31集　下老子笹川遺跡発掘調査報告(第五分冊　自然科学分析･考察編),
20,Beta-185253,TRUE,1790,40,AMS,下老子笹川遺跡,Shimoigosasagawaiseki,36.71241944,136.9435611,Toyama,Chubu,SI9B区,2006,富山県文化振興財団埋蔵文化財発掘調査報告第31集　下老子笹川遺跡発掘調査報告(第五分冊　自然科学分析･考察編),
21,Beta-185254,TRUE,1950,40,AMS,下老子笹川遺跡,Shimoigosasagawaiseki,36.71241944,136.9435611,Toyama,Chubu,SI10(新)A区,2006,富山県文化振興財団埋蔵文化財発掘調査報告第31集　下老子笹川遺跡発掘調査報告(第五分冊　自然科学分析･考察編),
22,Beta-185255,TRUE,1900,40,AMS,下老子笹川遺跡,Shimoigosasagawaiseki,36.71241944,136.9435611,Toyama,Chubu,SI10(新)B区,2006,富山県文化振興財団埋蔵文化財発掘調査報告第31集　下老子笹川遺跡発掘調査報告(第五分冊　自然科学分析･考察編),
23,Beta-185256,TRUE,1820,40,AMS,下老子笹川遺跡,Shimoigosasagawaiseki,36.71241944,136.9435611,Toyama,Chubu,SI11B区,2006,富山県文化振興財団埋蔵文化財発掘調査報告第31集　下老子笹川遺跡発掘調査報告(第五分冊　自然科学分析･考察編),
24,Beta-185257,TRUE,1850,40,AMS,下老子笹川遺跡,Shimoigosasagawaiseki,36.71241944,136.9435611,Toyama,Chubu,SI11D区,2006,富山県文化振興財団埋蔵文化財発掘調査報告第31集　下老子笹川遺跡発掘調査報告(第五分冊　自然科学分析･考察編),
25,Beta-187219,TRUE,2320,40,AMS,中里遺跡,Nakazatoiseki,35.28303889,139.1855889,Kanagawa,Kanto,"Ⅰ区,334土坑",2009,弥生農耕の起源と東アジア-炭素14年代測定による高精度編年体系の構築-平成16～20年文部科学省・科学研究費学術創成研究費　研究成果報告書,
26,Beta-188823,TRUE,1490,40,AMS,沼向遺跡,Numamukaiiseki,38.28105,141.00105,Miyagi,Tohoku,第10次調査　SX10217 4b層,2010,仙台市文化財調査報告書第360集　沼向遺跡第4〜34次調査　第9分冊,
27,Beta-188824,TRUE,1490,40,AMS,沼向遺跡,Numamukaiiseki,38.28105,141.00105,Miyagi,Tohoku,第10次調査　SX10217 4b層,2010,仙台市文化財調査報告書第360集　沼向遺跡第4〜34次調査　第9分冊,
28,Beta-195074,TRUE,2220,40,AMS,大谷尻遺跡,Otanijiriiseki,34.0566,133.9768,Tokushima,Shikoku,試料名:№1　SB1013　S.T-14.15　炭化米№2,2005,徳島県埋蔵文化財センター調査報告書　第53集　四国縦貫自動車道建設に伴う埋蔵文化財発掘調査報告28　大谷尻遺跡,
29,Beta-195079,TRUE,2040,40,AMS,大谷尻遺跡,Otanijiriiseki,34.0566,133.9768,Tokushima,Shikoku,試料名:№6　SX1006　P-13　炭化米,2005,徳島県埋蔵文化財センター調査報告書　第53集　四国縦貫自動車道建設に伴う埋蔵文化財発掘調査報告28　大谷尻遺跡,
30,Beta-200251,TRUE,1820,40,AMS,湯牟田遺跡,Yumutaiseki,32.169999,131.502222,Miyazaki,Kyushu,"試料名:№8　SA10,№62,炭化米",2007,宮崎県埋蔵文化財センター発掘調査報告書　第152集　湯牟田遺跡(二次調査)　東九州自動車道(都農〜西都間)建設に伴う埋蔵文化財発掘調査報告書47,
31,Beta-201569,TRUE,430,40,AMS,本宮熊堂B遺跡,Motomiyakumadobiseki,39.68851111,141.1420694,Iwate,Tohoku,RA105,2006,岩手県文化振興事業団埋蔵文化財調査報告書第470集　本宮熊堂A遺跡第24次･本宮熊堂B遺跡第25次発掘調査報告書,
32,Beta-205808,TRUE,1450,40,AMS,大江遺跡群,Oeisekigun,32.80161111,130.722325,Kumamoto,Kyushu,試料名:№3　SB30-3A,2006,熊本県文化財調査報告　第231集　大江遺跡群Ⅱ　-国家公務員合同宿舎(学苑住宅)新築工事に伴う大江遺跡群の埋蔵文化財発掘調査報告-,
33,Beta-205809,TRUE,1490,40,AMS,大江遺跡群,Oeisekigun,32.80161111,130.722325,Kumamoto,Kyushu,試料名:№4　SB30-3B,2006,熊本県文化財調査報告　第231集　大江遺跡群Ⅱ　-国家公務員合同宿舎(学苑住宅)新築工事に伴う大江遺跡群の埋蔵文化財発掘調査報告-,
34,Beta-208541,TRUE,1780,40,AMS,市納上第1遺跡,Ichinawakamidai1iseki,32.217777,131.496388,Miyazaki,Kyushu,"試料名:№1　1号周溝状遺構,ｂ",2006,宮崎県埋蔵文化財センター発掘調査報告書　第121集　　市納上第1遺跡･市納上第4遺跡　東九州自動車道(都農〜西都間)建設に伴う埋蔵文化財発掘調査報告書26,
35,Beta-208542,TRUE,1770,40,AMS,市納上第1遺跡,Ichinawakamidai1iseki,32.217777,131.496388,Miyazaki,Kyushu,"試料名:№2　1号周溝状遺構,ｃ",2006,宮崎県埋蔵文化財センター発掘調査報告書　第121集　　市納上第1遺跡･市納上第4遺跡　東九州自動車道(都農〜西都間)建設に伴う埋蔵文化財発掘調査報告書26,
36,Beta-211776,TRUE,2190,40,AMS,平田遺跡E地点,Hirataisekiechiten,31.74141111,131.036,Miyazaki,Kyushu,"試料名:№28　E地点,SA1住居跡",2007,宮崎県埋蔵文化財センター発掘調査報告書　第160集　平田遺跡　D地点･E地点　一般国道10号都城道路建設に伴う埋蔵文化財発掘調査報告書1,
37,Beta-215715,TRUE,2100,40,AMS,唐古・鍵遺跡,Karako-Kagiiseki,34.573,135.7973194,Nara,Kansai,"22次,SK102土坑,2層,№355",2009,弥生農耕の起源と東アジア-炭素14年代測定による高精度編年体系の構築-平成16～20年文部科学省・科学研究費学術創成研究費　研究成果報告書,
38,Beta-218283,TRUE,1950,40,AMS,国光原遺跡,Kokkobaruiseki,32.172777,131.500555,Miyazaki,Kyushu,"試料名:№1　A区,SA3-1",2007,宮崎県埋蔵文化財センター発掘調査報告書　第149集　国光原遺跡　東九州自動車道(都農〜西都間)建設に伴う埋蔵文化財発掘調査報告書44,
39,Beta-218286,TRUE,2060,40,AMS,国光原遺跡,Kokkobaruiseki,32.172777,131.500555,Miyazaki,Kyushu,"試料名:№4　A区,SL1-1",2007,宮崎県埋蔵文化財センター発掘調査報告書　第149集　国光原遺跡　東九州自動車道(都農〜西都間)建設に伴う埋蔵文化財発掘調査報告書44,
40,Beta-225348,TRUE,1210,40,AMS,宮ノ東遺跡,Miyanohigashiiseki,32.08108889,131.4152694,Miyazaki,Kyushu,試料名:24,2008,宮崎県埋蔵文化財センター発掘調査報告書　第173集　宮ノ東遺跡　東九州自動車道(都農〜西都間)建設に伴う埋蔵文化財発掘調査報告書60,
41,Beta-225386,TRUE,710,40,AMS,姫御前遺跡,Himegozeiseki,37.04406111,137.8718611,Niigata,Chubu,11B5地点　Ⅲ層,2008,新潟県埋蔵文化財調査報告書第184集　北陸新幹線関係発掘調査報告書Ⅷ　姫御前遺跡Ⅰ,
42,Beta-239326,FALSE,210,40,AMS,T71遺跡,T71iseki,43.0193,141.3617111,Hokkaido,Hokkaido,"2DB13　2層, T71-4",2008,札幌市文化財調査報告書87　T71遺跡　第2次調査,Outside window of analysis
43,Beta-331065,TRUE,40,30,AMS,石郷(3)遺跡,Ishigo(3)Iseki,40.57213889,140.54985,Aomori,Tohoku,不明,2014,亀ヶ岡文化の低湿地遺跡　冷温帯地域の遺跡資源の保存活用促進プロジェクト調査成果報告書1,
44,Beta-340384,TRUE,50,30,AMS,永吉天神段遺跡,Nagayoshitenjindaniseki,31.42563056,130.9788806,Kagoshima,Kyushu,試料名:№1 土坑7号,2016,公益財団法人鹿児島県文化振興財団埋蔵文化財調査センター発掘調査報告書(8)　東九州自動車道建設(志布志IC〜鹿屋串良JCT)に伴う埋蔵文化財発掘調査報告書　　永吉天神段遺跡(第1地点),
45,Beta-430181,TRUE,210,30,AMS,文京遺跡,Bunkyoiseki,33.84971944,132.7705111,Ehime,Shikoku,試料名:№1　BNK-60,2017,文京遺跡Ⅷ　-文京遺跡60次調査-　愛媛大学埋蔵文化財調査報告ⅩⅩⅩ,
46,GaK-6695,TRUE,1530,120,Beta Counting,蛍沢遺跡,Hotaruzawaiseki,40.82296111,140.7473306,Aomori,Tohoku,55号住居跡,1979,青森市蛍沢遺跡発掘調査報告書,
47,IAA-11832,TRUE,1090,30,AMS,杉の堂遺跡,Suginodoiseki,39.14408056,141.1391111,Iwate,Tohoku,竪穴状遺構SX02　床面直上,2004,岩手県文化振興事業団埋蔵文化財調査報告書第425集　杉の堂遺跡発掘調査報告書,
48,IAA-141615,TRUE,884,23,AMS,細池寺道上遺跡,Hosoiketeramichiueiseki,37.79789907,139.1549796,Niigata,Chubu,SD137　3層,2015,細池寺道上遺跡Ⅳ　第43次調査,
49,IAA-141616,TRUE,649,24,AMS,細池寺道上遺跡,Hosoiketeramichiueiseki,37.79789907,139.1549796,Niigata,Chubu,SE263　3層,2015,細池寺道上遺跡Ⅳ　第43次調査,
50,IAAA-103552,TRUE,1036,26,AMS,油伝(1)遺跡,Aburaden(1)Iseki,40.60315,140.4631194,Aomori,Tohoku,SN4　B2　1層,2014,油伝(1)遺跡発掘調査報告書,
51,IAAA-10378,FALSE,290,30,AMS,オサツ2遺跡,Osatsu2iseki,42.874,141.6311611,Hokkaido,Hokkaido,"（Ⅲ層（Ta-aより下位））1号平地式住居跡床面, OS2-1",2002,千歳市文化財調査報告書ⅩⅩⅦ　ユカンボシC２遺跡・オサツ２遺跡における考古学的調査,Outside window of analysis
52,IAAA-10597,TRUE,340,20,AMS,新府城跡,Shinpujoato,35.735833,138.425278,Yamanashi,Chubu,ポイント1炭範囲②,2002,史跡新府城跡,
53,IAAA-10652,TRUE,960,30,AMS,和野Ⅰ遺跡,Wano1iseki,39.93111944,141.9137694,Iwate,Tohoku,第5号焼土･炭化物集中区,2004,岩手県文化振興事業団埋蔵文化財調査報告書第452集　和野Ⅰ遺跡発掘調査報告書　(第1分冊　本文･図版･表編),
54,IAAA-112037,TRUE,1167,25,AMS,家ノ浦Ⅱ遺跡,Ienora2iseki,39.29598889,139.9746694,Akita,Tohoku,南側斜面3,2013,秋田県文化財調査報告書第485集　家ノ浦Ⅱ遺跡,
55,IAAA-112206,FALSE,389,25,AMS,福山城下町遺跡,Fukuyamajokamachiiseki,41.42801111,140.1111611,Hokkaido,Hokkaido,"Ⅲ層　炉4　灰1, 4",2012,（財）北海道埋蔵文化財センター調査報告書第290集　松前町　福山城下町遺跡　－町道旭豊岡線代行事業改良工事に関わる埋蔵文化財発掘調査報告書－,Outside window of analysis
56,IAAA-112207,FALSE,328,23,AMS,福山城下町遺跡,Fukuyamajokamachiiseki,41.42801111,140.1111611,Hokkaido,Hokkaido,"Ⅲ層　炉5　灰1, 5",2012,（財）北海道埋蔵文化財センター調査報告書第290集　松前町　福山城下町遺跡　－町道旭豊岡線代行事業改良工事に関わる埋蔵文化財発掘調査報告書－,Outside window of analysis
57,IAAA-112209,FALSE,339,24,AMS,福山城下町遺跡,Fukuyamajokamachiiseki,41.42801111,140.1111611,Hokkaido,Hokkaido,"Ⅲ層　炉7, 7",2012,（財）北海道埋蔵文化財センター調査報告書第290集　松前町　福山城下町遺跡　－町道旭豊岡線代行事業改良工事に関わる埋蔵文化財発掘調査報告書－,Outside window of analysis
58,IAAA-112210,FALSE,340,24,AMS,福山城下町遺跡,Fukuyamajokamachiiseki,41.42801111,140.1111611,Hokkaido,Hokkaido,"Ⅲ層　灰集中1, 8",2012,（財）北海道埋蔵文化財センター調査報告書第290集　松前町　福山城下町遺跡　－町道旭豊岡線代行事業改良工事に関わる埋蔵文化財発掘調査報告書－,Outside window of analysis
59,IAAA-112450,TRUE,1294,24,AMS,道村B遺跡,Domurabiseki,36.5077,136.5499694,Ishikawa,Chubu,Ⅰ東　2SI04　炭化物層,2015,白山市道村B遺跡,
60,IAAA-112452,TRUE,1232,23,AMS,道村B遺跡,Domurabiseki,36.5077,136.5499694,Ishikawa,Chubu,Ⅰ東　2SK28炭化物,2015,白山市道村B遺跡,
61,IAAA-112453,TRUE,1245,25,AMS,道村B遺跡,Domurabiseki,36.5077,136.5499694,Ishikawa,Chubu,Ⅰ東　2SK29炭化物,2015,白山市道村B遺跡,
62,IAAA-112454,TRUE,1274,22,AMS,道村B遺跡,Domurabiseki,36.5077,136.5499694,Ishikawa,Chubu,Ⅰ東　3SI11　炭化物,2015,白山市道村B遺跡,
63,IAAA-112456,TRUE,1334,26,AMS,道村B遺跡,Domurabiseki,36.5077,136.5499694,Ishikawa,Chubu,Ⅰ東　3下SI09-a,2015,白山市道村B遺跡,
64,IAAA-11553,TRUE,1130,30,AMS,横山遺跡,Yokoyamaiseki,39.3858,140.0489194,Akita,Tohoku,SD42 LL以東　覆土,2003,秋田県文化財調査報告書第363集　横山遺跡,
65,IAAA-11578,TRUE,1120,30,AMS,横山遺跡,Yokoyamaiseki,39.3858,140.0489194,Akita,Tohoku,SI45　覆土,2003,秋田県文化財調査報告書第363集　横山遺跡,
66,IAAA-11821,TRUE,400,30,AMS,田中城跡,Tanakajoato,33.08056111,130.59445,Kumamoto,Kyushu,SX-04　番号:1,2002,三加和町文化財調査報告書　第19集　田中城跡ⅩⅦ,
67,IAAA-11822,TRUE,370,30,AMS,田中城跡,Tanakajoato,33.08056111,130.59445,Kumamoto,Kyushu,SX-04　番号:2,2002,三加和町文化財調査報告書　第19集　田中城跡ⅩⅦ,
68,IAAA-120273,TRUE,1238,22,AMS,長者山遺跡,Chojayamaiseki,36.67981111,140.7065389,Ibaraki,Kanto,グリッドGⅣ　4号トレンチ　礎石建物跡SB02　堀込地業,2015,長者山遺跡ー平成20〜24年度発掘調査成果報告書ー,
69,IAAA-120274,TRUE,1240,24,AMS,長者山遺跡,Chojayamaiseki,36.67981111,140.7065389,Ibaraki,Kanto,グリッドGⅦ　5号トレンチ　掘立柱建物跡SB06　P1埋土,2015,長者山遺跡ー平成20〜24年度発掘調査成果報告書ー,
70,IAAA-120774,TRUE,93,24,AMS,田原迫ノ上遺跡,Taharasakonoeiseki,31.45233056,130.9192389,Kagoshima,Kyushu,"試料名:№5
6号住居跡　床面",2016,公益財団法人鹿児島県文化振興財団埋蔵文化財調査センター発掘調査報告書(5)　東九州自動車道建設(志布志IC〜鹿屋串良JCT間)に伴う埋蔵文化財発掘調査報告書　田原迫ノ上遺跡1(第2分冊),
71,IAAA-122028,TRUE,1265,24,AMS,石田Ⅰ･Ⅱ遺跡,Ishida1・2iseki,39.11506111,141.0663806,Iwate,Tohoku,24号竪穴建物跡　張出部焼土内,2015,岩手県文化振興事業団埋蔵文化財調査報告書第632集　石田Ⅰ･Ⅱ遺跡発掘調査報告書　第一分冊(本文･遺構図版･総括),
72,IAAA-122029,TRUE,1293,25,AMS,石田Ⅰ･Ⅱ遺跡,Ishida1・2iseki,39.11506111,141.0663806,Iwate,Tohoku,24号竪穴建物跡　張出部焼土内,2015,岩手県文化振興事業団埋蔵文化財調査報告書第632集　石田Ⅰ･Ⅱ遺跡発掘調査報告書　第一分冊(本文･遺構図版･総括),
73,IAAA-122482,TRUE,2029,21,AMS,バーガ森北斜面遺跡,Ba―Gamorikitashameniseki,33.55756528,133.4283056,Kochi,Shikoku,試料番号:1   Ⅱ区SK1,2015,高知県埋蔵文化財センター発掘調査報告書　第144集　バーガ森北斜面遺跡　高知西バイパス建設工事に伴う発掘調査報告書Ⅲ,
74,IAAA-123211,TRUE,1180,23,AMS,扇田道下遺跡,Ogitamichishitaiseki,40.26473056,140.5716889,Akita,Tohoku,SI54　床面,2013,大館市文化財調査報告書第8集　扇田道下遺跡発掘調査報告書,
75,IAAA-131729,TRUE,424,20,AMS,宝田遺跡,Takaradaiseki,37.3791,138.5893111,Niigata,Chubu,Ⅶ層　32K22,2015,新潟県埋蔵文化財調査報告書第252集　一般国道8号柏崎バイパス関係発掘調査報告書Ⅷ　宝田遺跡,
76,IAAA-132469,TRUE,941,22,AMS,天神段遺跡,Tenjindaniseki,31.50798056,130.9525306,Kagoshima,Kyushu,試料番号:5 土坑墓7号,2015,公益財団法人鹿児島県文化振興財団埋蔵文化財調査センター発掘調査報告書(3)　東九州自動車道建設(鹿屋串良JCT〜曽於弥五郎IC)に伴う埋蔵文化財発掘調査報告書　天神段遺跡(弥生時代〜近世編),
77,IAAA-133011,TRUE,752,20,AMS,沖ノ羽遺跡,Okinohaiseki,37.8180037,139.1339833,Niigata,Chubu,2区西SE400,2016,沖ノ羽遺跡Ⅳ　第19･22･24次調査　本文編,
78,IAAA-142845,TRUE,456,23,AMS,江古田遺跡,Egotaiseki,35.72583056,139.66635,Tokyo,Kanto,10号円形土坑,2016,東京都埋蔵文化財センター調査報告第312集　江古田遺跡Ⅳ,
79,IAAA-143578,TRUE,297,23,AMS,赤沢城跡,Akasawajoseki,36.97448889,138.6510889,Niigata,Chubu,2号堀　南東虎口部　黒色土,2016,津南町文化財調査報告書第69輯　赤沢城跡,
80,IAAA-143579,TRUE,424,23,AMS,赤沢城跡,Akasawajoseki,36.97448889,138.6510889,Niigata,Chubu,23号土坑　黒色土,2016,津南町文化財調査報告書第69輯　赤沢城跡,
81,IAAA-143580,TRUE,270,22,AMS,赤沢城跡,Akasawajoseki,36.97448889,138.6510889,Niigata,Chubu,5溝　炭化物出土範囲B,2016,津南町文化財調査報告書第69輯　赤沢城跡,
82,IAAA-1500685,TRUE,723,24,AMS,岡遺跡,Okaiseki,33.49203056,133.9276,Kochi,Shikoku,試料名:SX3埋土出土炭化,2016,高知県埋蔵文化財センター発掘調査報告書　第149集　岡遺跡　県道大久保伊尾木線道路改良工事に伴う発掘調査報告書,
83,IAAA-30066,FALSE,-860,30,AMS,ナガラバル東遺跡,Nagarabaruhigashiiseki,27.03966111,127.9685806,Okinawa,Kyushu,98LF12,2009,弥生農耕の起源と東アジア-炭素14年代測定による高精度編年体系の構築-平成16～20年文部科学省・科学研究費学術創成研究費　研究成果報告書,Negative Date; Modern Sample; Outside window of analysis
84,IAAA-30108,TRUE,290,30,AMS,飛泉寺跡遺跡,Hisenjiatoiseki,38.01341111,139.8212694,Yamagata,Tohoku,SB905EP40-F,2004,山形県埋蔵文化財センター調査報告書第134集　飛泉寺跡遺跡発掘調査報告書,
85,IAAA-30244,TRUE,1750,40,AMS,川前2遺跡,Kawamae2iseki,38.33593056,140.3147389,Yamagata,Tohoku,SD125,2011,山形県埋蔵文化財センター調査報告書第193集　川前2遺跡第1･2次発掘調査報告書,
86,IAAA-30251,TRUE,2140,40,AMS,吉野ヶ里遺跡,Yoshinogariiseki,33.31048056,130.3726694,Saga,Kyushu,田手地区，ユンボ作業中に出土,2009,弥生農耕の起源と東アジア-炭素14年代測定による高精度編年体系の構築-平成16～20年文部科学省・科学研究費学術創成研究費　研究成果報告書,
87,IAAA-30258,TRUE,2340,50,AMS,下稗田遺跡,Shimohiedaiseki,33.70353889,130.9447194,Fukuoka,Kyushu,Ⅱ-F区80号貯蔵穴,2009,弥生農耕の起源と東アジア-炭素14年代測定による高精度編年体系の構築-平成16～20年文部科学省・科学研究費学術創成研究費　研究成果報告書,
88,IAAA-30369,TRUE,590,40,AMS,水橋金広･中馬場遺跡,Mizuhashikanehiro・Nakabambaiseki,36.71478056,137.3069194,Toyama,Chubu,SK26,2006,富山市埋蔵文化財調査報告6-(1)　水橋金広･中馬場遺跡発掘調査報告書Ⅱ,
89,IAAA-30533,FALSE,270,50,AMS,トメト川3遺跡,Tometogawa3iseki,42.86336944,141.6767111,Hokkaido,Hokkaido,"炉1-2層（Ta-a層直下）　1号平地式住居跡, TM3-01",2004,千歳市文化財調査報告書ⅩⅩⅩⅠ　トメト川３遺跡における考古学的調査,Outside window of analysis
90,IAAA-30559,TRUE,1230,40,AMS,鞠智城跡,Kikuchijoato,33.02808056,130.7596694,Kumamoto,Kyushu,長者山西　72号建物跡,2004,鞠智城跡　-第24次調査報告-,
91,IAAA-31951,TRUE,630,33,AMS,間尽遺跡,Mazukushiiseki,36.76141944,136.9593194,Toyama,Chubu,SK104　3層,2004,高岡市埋蔵文化財調査報告第11冊　間尽遺跡調査報告Ⅱ,
92,IAAA-31968,TRUE,2022,41,AMS,カネガ谷遺跡,Kanegadaniiseki,34.15846944,134.5162,Tokushima,Shikoku,試料番号:8　C'-9　SB1007　埋土(床面直上)遺物番号:38,2005,徳島県埋蔵文化財センター調査報告書　第62集　四国横断自動車道建設に伴う埋蔵文化財発掘調査報告　(自然科学･図版編),
93,IAAA-40023,TRUE,1720,40,AMS,下老子笹川遺跡,Shimoigosasagawaiseki,36.71241944,136.9435611,Toyama,Chubu,A8地区　SI4,2006,富山県文化振興財団埋蔵文化財発掘調査報告第31集　下老子笹川遺跡発掘調査報告(第五分冊　自然科学分析･考察編),
94,IAAA-40024,TRUE,1870,40,AMS,下老子笹川遺跡,Shimoigosasagawaiseki,36.71241944,136.9435611,Toyama,Chubu,B3地区　SI5,2006,富山県文化振興財団埋蔵文化財発掘調査報告第31集　下老子笹川遺跡発掘調査報告(第五分冊　自然科学分析･考察編),
95,IAAA-40025,TRUE,1870,40,AMS,下老子笹川遺跡,Shimoigosasagawaiseki,36.71241944,136.9435611,Toyama,Chubu,B5地区　SI7,2006,富山県文化振興財団埋蔵文化財発掘調査報告第31集　下老子笹川遺跡発掘調査報告(第五分冊　自然科学分析･考察編),
96,IAAA-40026,TRUE,1910,40,AMS,下老子笹川遺跡,Shimoigosasagawaiseki,36.71241944,136.9435611,Toyama,Chubu,B5地区　SI6,2006,富山県文化振興財団埋蔵文化財発掘調査報告第31集　下老子笹川遺跡発掘調査報告(第五分冊　自然科学分析･考察編),
97,IAAA-40027,TRUE,1840,40,AMS,下老子笹川遺跡,Shimoigosasagawaiseki,36.71241944,136.9435611,Toyama,Chubu,B6地区　SI12,2006,富山県文化振興財団埋蔵文化財発掘調査報告第31集　下老子笹川遺跡発掘調査報告(第五分冊　自然科学分析･考察編),
98,IAAA-40028,TRUE,1870,40,AMS,下老子笹川遺跡,Shimoigosasagawaiseki,36.71241944,136.9435611,Toyama,Chubu,B6地区　SI15,2006,富山県文化振興財団埋蔵文化財発掘調査報告第31集　下老子笹川遺跡発掘調査報告(第五分冊　自然科学分析･考察編),
99,IAAA-40029,TRUE,1910,40,AMS,下老子笹川遺跡,Shimoigosasagawaiseki,36.71241944,136.9435611,Toyama,Chubu,B6地区　SI23,2006,富山県文化振興財団埋蔵文化財発掘調査報告第31集　下老子笹川遺跡発掘調査報告(第五分冊　自然科学分析･考察編),
100,IAAA-40030,TRUE,1890,40,AMS,下老子笹川遺跡,Shimoigosasagawaiseki,36.71241944,136.9435611,Toyama,Chubu,B6地区　SH31,2006,富山県文化振興財団埋蔵文化財発掘調査報告第31集　下老子笹川遺跡発掘調査報告(第五分冊　自然科学分析･考察編),
101,IAAA-40031,TRUE,1890,40,AMS,下老子笹川遺跡,Shimoigosasagawaiseki,36.71241944,136.9435611,Toyama,Chubu,B7地区　SB2,2006,富山県文化振興財団埋蔵文化財発掘調査報告第31集　下老子笹川遺跡発掘調査報告(第五分冊　自然科学分析･考察編),
102,IAAA-40032,TRUE,1920,40,AMS,下老子笹川遺跡,Shimoigosasagawaiseki,36.71241944,136.9435611,Toyama,Chubu,B7地区　SI19,2006,富山県文化振興財団埋蔵文化財発掘調査報告第31集　下老子笹川遺跡発掘調査報告(第五分冊　自然科学分析･考察編),
103,IAAA-40823,TRUE,2390,40,AMS,八ノ坪遺跡,Hachinotsuboiseki,32.74643056,130.6652194,Kumamoto,Kyushu,SK171，1次,2009,弥生農耕の起源と東アジア-炭素14年代測定による高精度編年体系の構築-平成16～20年文部科学省・科学研究費学術創成研究費　研究成果報告書,
104,IAAA-40833,TRUE,2020,30,AMS,古島榎崎遺跡,Kojimaenokizakiiseki,33.19718889,130.4709889,Fukuoka,Kyushu,Ｓ104住床面出土,2009,弥生農耕の起源と東アジア-炭素14年代測定による高精度編年体系の構築-平成16～20年文部科学省・科学研究費学術創成研究費　研究成果報告書,
105,IAAA-41644,TRUE,341,32,AMS,脇本城跡,Wakimotojoato,39.90302778,139.8954976,Akita,Tohoku,E20　土層ベルト,2005,男鹿市文化財調査報告第29集　国指定史跡　脇本城跡,
106,IAAA-42077,TRUE,1212,40,AMS,新南部遺跡群,Shinnabeisekigun,32.80631111,130.7331111,Kumamoto,Kyushu,試料番号:2　S-042　カマド左　北東,2015,熊本県文化財調査報告　第311集　新南部遺跡群3　白川河川改修事業に伴う埋蔵文化財発掘調査,
107,IAAA-42112,TRUE,902,36,AMS,地蔵岱遺跡,Jizotaiiseki,40.04318889,140.5487194,Akita,Tohoku,SB7090 P7,2008,秋田県文化財調査報告書第434集　地蔵岱遺跡　本文篇,
108,IAAA-51446,TRUE,2204,37,AMS,中里遺跡,Nakazatoiseki,35.28303889,139.1855889,Kanagawa,Kanto,334号土坑　覆土,2015,中里遺跡発掘調査報告書　第Ⅰ分冊(本文編),
109,IAAA-51465,TRUE,1136,40,AMS,泉廃寺跡,Izumihaiji,37.60768889,140.8616,Fukushima,Tohoku,第22次調査地点　C-C'2層,2007,南相馬市埋蔵文化財調査報告書第6集　泉廃寺跡,
110,IAAA-52549,TRUE,1737,38,AMS,花宴遺跡,Hananoeniseki,33.55416944,133.7429806,Kochi,Shikoku,Ⅳ区　北半部Ⅵ層,2010,高知県埋蔵文化財センター発掘調査報告書　第115集　花宴遺跡　南国安芸道路建設工事に伴う発掘調査報告書Ⅱ(高知東部自動車道埋蔵文化財発掘調査報告書Ⅲ),
111,IAAA-60677,TRUE,387,28,AMS,河村城跡,Kawamurajoato,35.36123889,139.08105,Kanagawa,Kanto,AT203-205整地層,2007,神奈川県足柄上郡山北町文化財調査報告1　河村城跡,
112,IAAA-60678,TRUE,360,28,AMS,河村城跡,Kawamurajoato,35.36123889,139.08105,Kanagawa,Kanto,空堀1西側法面中段壁面密着,2007,神奈川県足柄上郡山北町文化財調査報告1　河村城跡,
113,IAAA-60680,TRUE,359,30,AMS,河村城跡,Kawamurajoato,35.36123889,139.08105,Kanagawa,Kanto,堀切3東側ピット第1硬化面,2007,神奈川県足柄上郡山北町文化財調査報告1　河村城跡,
114,IAAA-60681,TRUE,325,29,AMS,河村城跡,Kawamurajoato,35.36123889,139.08105,Kanagawa,Kanto,堀切3西側ピット第1硬化面,2007,神奈川県足柄上郡山北町文化財調査報告1　河村城跡,
115,IAAA-60683,TRUE,370,29,AMS,河村城跡,Kawamurajoato,35.36123889,139.08105,Kanagawa,Kanto,No.33北トレンチ竪穴状遺構,2007,神奈川県足柄上郡山北町文化財調査報告1　河村城跡,
116,IAAA-60684,TRUE,350,30,AMS,河村城跡,Kawamurajoato,35.36123889,139.08105,Kanagawa,Kanto,No.32南トレンチ竪穴状遺構,2007,神奈川県足柄上郡山北町文化財調査報告1　河村城跡,
117,IAAA-61083,TRUE,1262,39,AMS,長者ヶ平遺跡,Chojagadairaiseki,36.67843056,140.0428,Tochigi,Kanto,第3次調査区　SB-86B南東隅抜き取り痕跡埋土,2007,栃木県埋蔵文化財調査報告第300集　長者ヶ平遺跡,
118,IAAA-61084,TRUE,1066,37,AMS,長者ヶ平遺跡,Chojagadairaiseki,36.67843056,140.0428,Tochigi,Kanto,第6次調査区　SB-113西第2列南第2柱堀方埋土,2007,栃木県埋蔵文化財調査報告第300集　長者ヶ平遺跡,
119,IAAA-61085,TRUE,1335,41,AMS,長者ヶ平遺跡,Chojagadairaiseki,36.67843056,140.0428,Tochigi,Kanto,第12次調査区 SB-201B東側柱列南第2柱抜き取り痕跡埋土,2007,栃木県埋蔵文化財調査報告第300集　長者ヶ平遺跡,
120,IAAA-61213,FALSE,NA,NA,AMS,荒谷遺跡,Arayaiseki,40.44321111,141.4702611,Aomori,Tohoku,B区小礫下,2007,荒谷遺跡,Modern sample
121,IAAA-62068,TRUE,318,29,AMS,田光遺跡,Takoiseki,39.36683056,141.2307694,Iwate,Tohoku,堀立柱建物跡柱穴跡底面,2006,花巻市東和町内遺跡発掘調査報告書　倉沢10区Ⅰ遺跡･田光遺跡･押蕪遺跡･長森遺跡,
122,IAAA-70350,TRUE,1682,33,AMS,下土師東遺跡,Shimohajihigashiiseki,36.28648056,140.3978389,Ibaraki,Kanto,3区　第40号住居跡,2009,茨城県教育財団文化財調査報告書第315集　下土師東遺跡2,
123,IAAA-71137,FALSE,1860,30,AMS,大友西遺跡,Otomonishiiseki,36.60446111,136.6272,Ishikawa,Chubu,18号井戸（SE18）,2009,弥生農耕の起源と東アジア-炭素14年代測定による高精度編年体系の構築-平成16～20年文部科学省・科学研究費学術創成研究費　研究成果報告書,ORA might have reservoir effect?
124,IAAA-71140,FALSE,1900,30,AMS,大友西遺跡,Otomonishiiseki,36.60446111,136.6272,Ishikawa,Chubu,18号井戸（SE18）,2009,弥生農耕の起源と東アジア-炭素14年代測定による高精度編年体系の構築-平成16～20年文部科学省・科学研究費学術創成研究費　研究成果報告書,ORA might have reservoir effect?
125,IAAA-71153,TRUE,2540,30,AMS,讃良郡条里遺跡,Saragunjoriiseki,34.75516528,135.6330833,Osaka,Kansai,6-152号土坑,2009,弥生農耕の起源と東アジア-炭素14年代測定による高精度編年体系の構築-平成16～20年文部科学省・科学研究費学術創成研究費　研究成果報告書,
126,IAAA-71592,TRUE,2200,40,AMS,朝日遺跡,Asahiiseki,35.21685247,136.8523623,Aichi,Chubu,NA,2009,弥生農耕の起源と東アジア-炭素14年代測定による高精度編年体系の構築-平成16～20年文部科学省・科学研究費学術創成研究費　研究成果報告書,
127,IAAA-71859,TRUE,412,28,AMS,米山(2)遺跡,Yoneyama(2)Iseki,40.8425,140.848055,Aomori,Tohoku,SC-12　炭層,2009,青森県埋蔵文化財調査報告書第473集　米山(2)遺跡Ⅵ･宮田館遺跡Ⅶ,
128,IAAA-71927,FALSE,2400,30,AMS,庄・蔵本遺跡,Sho・Kuramoto,34.07518056,134.5184194,Tokushima,Shikoku,SD312焼土070228,2009,弥生農耕の起源と東アジア-炭素14年代測定による高精度編年体系の構築-平成16～20年文部科学省・科学研究費学術創成研究費　研究成果報告書,Conlicting information on specimen; Excluded as might not be rice.
129,IAAA-71930,TRUE,2540,30,AMS,庄・蔵本遺跡,Sho・Kuramoto,34.07518056,134.5184194,Tokushima,Shikoku,SD315下層、炭化物層,2009,弥生農耕の起源と東アジア-炭素14年代測定による高精度編年体系の構築-平成16～20年文部科学省・科学研究費学術創成研究費　研究成果報告書,
130,IAAA-72660,TRUE,1348,29,AMS,恒川遺跡群,Gongaisekigun,35.5438,137.8427111,Nagano,Chubu,YKS3454-5 36次調査区,2013,恒川遺跡群総括編 長野県飯田市教育委員会,
131,IAAA-72661,TRUE,1231,25,AMS,恒川遺跡群,Gongaisekigun,35.5438,137.8427111,Nagano,Chubu,YKS4754　32次調査区,2013,恒川遺跡群総括編 長野県飯田市教育委員会,
132,IAAA-72878,TRUE,1093,37,AMS,西部遺跡,Seibuiseki,38.15261111,139.4423111,Niigata,Chubu,SC002　1層,2009,新潟県埋蔵文化財調査報告書第194集　日本海沿岸東北自動車道関係発掘調査報告書ⅩⅩⅩ　西部遺跡Ⅳ･桜林遺跡Ⅲ,
133,IAAA-80675,FALSE,NA,NA,AMS,宮田館遺跡,Miyatadateiseki,40.837777,140.835,Aomori,Tohoku,火山灰範囲12　Ⅱa層,2009,青森県埋蔵文化財調査報告書第473集　米山(2)遺跡Ⅵ･宮田館遺跡Ⅶ,Modern sample
134,IAAA-81401,TRUE,1962,27,AMS,河原口坊中遺跡,Kawaraguchibojoiseki,35.4495,139.3822806,Kanagawa,Kanto,YH2号方形周溝墓,2015,かながわ考古学財団調査報告307　河原口坊中遺跡第2次調査　第4分冊,
135,IAAA-81495,TRUE,618,26,AMS,米山(2)遺跡,Yoneyama(2)Iseki,40.8425,140.848055,Aomori,Tohoku,SK-259　最下層,2009,青森県埋蔵文化財調査報告書第473集　米山(2)遺跡Ⅵ･宮田館遺跡Ⅶ,
136,IAAA-81496,TRUE,454,27,AMS,米山(2)遺跡,Yoneyama(2)Iseki,40.8425,140.848055,Aomori,Tohoku,SK-266　3層下位,2009,青森県埋蔵文化財調査報告書第473集　米山(2)遺跡Ⅵ･宮田館遺跡Ⅶ,
137,IAAA-81497,TRUE,729,25,AMS,米山(2)遺跡,Yoneyama(2)Iseki,40.8425,140.848055,Aomori,Tohoku,SK-303　2層上部,2009,青森県埋蔵文化財調査報告書第473集　米山(2)遺跡Ⅵ･宮田館遺跡Ⅶ,
138,IAAA-81499,TRUE,384,27,AMS,米山(2)遺跡,Yoneyama(2)Iseki,40.8425,140.848055,Aomori,Tohoku,SF-133　火床面付近,2009,青森県埋蔵文化財調査報告書第473集　米山(2)遺跡Ⅵ･宮田館遺跡Ⅶ,
139,IAAA-81500,TRUE,569,25,AMS,米山(2)遺跡,Yoneyama(2)Iseki,40.8425,140.848055,Aomori,Tohoku,SF-134　底面炭範囲,2009,青森県埋蔵文化財調査報告書第473集　米山(2)遺跡Ⅵ･宮田館遺跡Ⅶ,
140,IAAA-82019,TRUE,1109,31,AMS,太田遺跡,Otaiseki,37.63723889,139.0557389,Niigata,Chubu,SK100,2011,加茂市文化財調査報告(21)　荒又遺跡･太田遺跡,
141,IAAA-82020,TRUE,1165,31,AMS,太田遺跡,Otaiseki,37.63723889,139.0557389,Niigata,Chubu,SK100,2011,加茂市文化財調査報告(21)　荒又遺跡･太田遺跡,
142,IAAA-82021,TRUE,1251,27,AMS,太田遺跡,Otaiseki,37.63723889,139.0557389,Niigata,Chubu,SK63,2011,加茂市文化財調査報告(21)　荒又遺跡･太田遺跡,
143,IAAA-82581,TRUE,317,30,AMS,坂田仲沢遺跡,Sakatanakazawaiseki,37.44488889,138.6739194,Niigata,Chubu,S-54　下層黒色,2010,柏崎市埋蔵文化財調査報告書第58集　坂田遺跡群Ⅲ,
144,IAAA-82633,TRUE,316,20,AMS,西高校遺跡,Nishikokoiseki,40.82471111,140.6787389,Aomori,Tohoku,第1号性格不明遺構　9層,2009,青森県埋蔵文化財調査報告書第477集　西高校遺跡,
145,IAAA-82880,TRUE,1870,30,AMS,下佐野遺跡,Shimosanoiseki,36.72391111,136.9924611,Toyama,Chubu,B2地区　SI01　土器内,2011,下佐野遺跡発掘調査報告書,
146,IAAA-82881,TRUE,1906,30,AMS,下佐野遺跡,Shimosanoiseki,36.72391111,136.9924611,Toyama,Chubu,B2地区　SI02,2011,下佐野遺跡発掘調査報告書,
147,IAAA-82883,TRUE,1930,33,AMS,下佐野遺跡,Shimosanoiseki,36.72391111,136.9924611,Toyama,Chubu,B2地区　SK05　覆土,2011,下佐野遺跡発掘調査報告書,
148,IAAA-82884,TRUE,1878,31,AMS,下佐野遺跡,Shimosanoiseki,36.72391111,136.9924611,Toyama,Chubu,B2地区　SK06　覆土,2011,下佐野遺跡発掘調査報告書,
149,IAAA-83082,TRUE,2494,29,AMS,力石条里遺跡群,Chikaraishijoriisekigun,36.46926111,138.1443806,Nagano,Chubu,SK138　埋土,2011,長野県埋蔵文化財センター発掘調査報告書96　主要地方道長野上田線力石バイパス建設事業埋蔵文化財発掘調査報告書1　千曲市内　力石条里遺跡群,
150,IAAA-83083,TRUE,2147,28,AMS,力石条里遺跡群,Chikaraishijoriisekigun,36.46926111,138.1443806,Nagano,Chubu,SK176　最下層,2011,長野県埋蔵文化財センター発掘調査報告書96　主要地方道長野上田線力石バイパス建設事業埋蔵文化財発掘調査報告書1　千曲市内　力石条里遺跡群,
151,IAAA-83084,TRUE,2385,27,AMS,力石条里遺跡群,Chikaraishijoriisekigun,36.46926111,138.1443806,Nagano,Chubu,SK210　埋土,2011,長野県埋蔵文化財センター発掘調査報告書96　主要地方道長野上田線力石バイパス建設事業埋蔵文化財発掘調査報告書1　千曲市内　力石条里遺跡群,
152,IAAA-83085,TRUE,2359,28,AMS,力石条里遺跡群,Chikaraishijoriisekigun,36.46926111,138.1443806,Nagano,Chubu,SK1292　埋土,2011,長野県埋蔵文化財センター発掘調査報告書96　主要地方道長野上田線力石バイパス建設事業埋蔵文化財発掘調査報告書1　千曲市内　力石条里遺跡群,
153,IAAA-83086,TRUE,2354,29,AMS,力石条里遺跡群,Chikaraishijoriisekigun,36.46926111,138.1443806,Nagano,Chubu,SK1293　埋土,2011,長野県埋蔵文化財センター発掘調査報告書96　主要地方道長野上田線力石バイパス建設事業埋蔵文化財発掘調査報告書1　千曲市内　力石条里遺跡群,
154,IAAA-83089,TRUE,2356,26,AMS,力石条里遺跡群,Chikaraishijoriisekigun,36.46926111,138.1443806,Nagano,Chubu,SK1303　3層,2011,長野県埋蔵文化財センター発掘調査報告書96　主要地方道長野上田線力石バイパス建設事業埋蔵文化財発掘調査報告書1　千曲市内　力石条里遺跡群,
155,IAAA-83090,TRUE,2480,27,AMS,力石条里遺跡群,Chikaraishijoriisekigun,36.46926111,138.1443806,Nagano,Chubu,SK1387　埋土,2011,長野県埋蔵文化財センター発掘調査報告書96　主要地方道長野上田線力石バイパス建設事業埋蔵文化財発掘調査報告書1　千曲市内　力石条里遺跡群,
156,IAAA-83091,TRUE,2481,30,AMS,力石条里遺跡群,Chikaraishijoriisekigun,36.46926111,138.1443806,Nagano,Chubu,SK1393　埋土,2011,長野県埋蔵文化財センター発掘調査報告書96　主要地方道長野上田線力石バイパス建設事業埋蔵文化財発掘調査報告書1　千曲市内　力石条里遺跡群,
157,IAAA-83092,FALSE,2889,29,AMS,力石条里遺跡群,Chikaraishijoriisekigun,36.46926111,138.1443806,Nagano,Chubu,SK1405　3層,2011,長野県埋蔵文化財センター発掘調査報告書96　主要地方道長野上田線力石バイパス建設事業埋蔵文化財発掘調査報告書1　千曲市内　力石条里遺跡群,Undetermined specimen; see also Endo and Leipe 2021
158,IAAA-83141,TRUE,1217,32,AMS,天良七堂遺跡,Tenrashichidoiseki,36.31816111,139.3263111,Gunma,Kanto,西側正倉城　7号礎石建物跡西側,2010,天良七堂遺跡２,
159,IAAA-83142,TRUE,1226,32,AMS,天良七堂遺跡,Tenrashichidoiseki,36.31816111,139.3263111,Gunma,Kanto,西側正倉状　8号礎石建物跡雨落ち溝,2010,天良七堂遺跡２,
160,IAAA-83143,TRUE,1118,34,AMS,上野国新田郡庁跡,Kozukenokuninittagunchoato,36.33218056,139.3344611,Gunma,Kanto,1号礎石建物跡東側,2010,天良七堂遺跡２,
161,IAAA-83266,TRUE,2098,36,AMS,早水町遺跡,Hayamizumachiiseki,33.21188889,130.57855,Fukuoka,Kyushu,試料名:1,2013,経営体育成基盤整備事業(八女東部第2地区)圃場整備事業地内　埋蔵文化財発掘調査報告書　八女市文化財調査報告書　第96集,
162,IAAA-83267,TRUE,2086,36,AMS,早水町遺跡,Hayamizumachiiseki,33.21188889,130.57855,Fukuoka,Kyushu,試料名:2,2013,経営体育成基盤整備事業(八女東部第2地区)圃場整備事業地内　埋蔵文化財発掘調査報告書　八女市文化財調査報告書　第96集,
163,IAAA-90390,TRUE,371,28,AMS,米田大覚遺跡,Yonedadaikakuiseki,36.73846111,137.2412889,Toyama,Chubu,SD003,2009,富山市埋蔵文化財調査報告38　米田大覚遺跡発掘調査報告書,
164,IAAA-92250,TRUE,473,16,AMS,乳井茶臼館,Nyoichausudate,40.54726111,140.5616306,Aomori,Tohoku,A区　第84号土坑　覆土,2011,青森県埋蔵文化財調査報告書第507集　乳井茶臼館,
165,IAAA-92741,TRUE,324,26,AMS,堀越城跡,Horikoshijoato,40.57088056,140.5199611,Aomori,Tohoku,整地面(生活面)直上　炭化物層　1号焼土遺構,2010,史跡津軽氏城跡　堀越城跡発掘調査報告書11,
166,IAAA-93077,TRUE,1890,30,AMS,釜蓋遺跡,Kamabutaiseki,37.07649907,138.2455463,Niigata,Chubu,SX83　CW6層,2013,史跡斐太遺跡群　釜蓋遺跡確認調査概要報告書1,
167,IAAA-93254,TRUE,329,24,AMS,松本遺跡,Matsumotoiseki,40.62243056,140.42735,Aomori,Tohoku,竪穴遺構ST8　遺構基底直上炭化物集中部,2011,松本遺跡発掘調査報告書,
168,JAT-9673,TRUE,377,39,AMS,江門遺跡,Emoniseki,35.34593056,137.2185389,Gifu,Chubu,Ⅳb層,2014,平成24年度土岐市市内遺跡発掘調査報告書,
169,JAT-9674,TRUE,245,41,AMS,江門遺跡,Emoniseki,35.34593056,137.2185389,Gifu,Chubu,Ⅳb層,2014,平成24年度土岐市市内遺跡発掘調査報告書,
170,JAT-9675,TRUE,666,37,AMS,江門遺跡,Emoniseki,35.34593056,137.2185389,Gifu,Chubu,Ⅴb層,2014,平成24年度土岐市市内遺跡発掘調査報告書,
171,JAT-9676,TRUE,639,41,AMS,江門遺跡,Emoniseki,35.34593056,137.2185389,Gifu,Chubu,Ⅴb層,2014,平成24年度土岐市市内遺跡発掘調査報告書,
172,KSU-2220,TRUE,1000,15,Beta Counting,鞠智城跡,Kikuchijoato,33.02808056,130.7596694,Kumamoto,Kyushu,南側八角形建築址の掘形埋土を切る柱穴より出土,1992,熊本県文化財調査報告　第124集　鞠智城跡　-第13次調査報告-,
173,KSU-2221,TRUE,1450,15,Beta Counting,鞠智城跡,Kikuchijoato,33.02808056,130.7596694,Kumamoto,Kyushu,17調査区の北東隅から検出された炭化米層の一部,1992,熊本県文化財調査報告　第124集　鞠智城跡　-第13次調査報告-,
174,KSU-511,TRUE,2210,30,Beta Counting,方保田東原遺跡,Katodahigashibaruiseki,33.00266944,130.7184389,Kumamoto,Kyushu,第Ⅲ次調査近江工業内第5トレンチ2号溝底部出土,1982,山鹿市立博物館調査報告書　第2集　方保田東原遺跡,
175,MTC-03614,TRUE,2445,30,AMS,唐古・鍵遺跡,Karako-Kagiiseki,34.573,135.7973194,Nara,Kansai,"20次,SK215土坑,2層,707",2009,弥生農耕の起源と東アジア-炭素14年代測定による高精度編年体系の構築-平成16～20年文部科学省・科学研究費学術創成研究費　研究成果報告書,
176,MTC-04907,TRUE,2315,35,AMS,堀部第1遺跡,Horibedai1iseki,35.51956944,133.0290389,Shimane,Chugoku,東区5号墓内,2009,弥生農耕の起源と東アジア-炭素14年代測定による高精度編年体系の構築-平成16～20年文部科学省・科学研究費学術創成研究費　研究成果報告書,
177,MTC-06969,TRUE,1915,30,AMS,赤坂遺跡,Akasakaiseki,35.14241111,139.6207694,Kanagawa,Kanto,"11次,3B住居跡,4区,覆土下",2009,弥生農耕の起源と東アジア-炭素14年代測定による高精度編年体系の構築-平成16～20年文部科学省・科学研究費学術創成研究費　研究成果報告書,
178,MTC-06970,TRUE,1870,30,AMS,赤坂遺跡,Akasakaiseki,35.14241111,139.6207694,Kanagawa,Kanto,"11次,3B住居跡,4区,覆土下",2009,弥生農耕の起源と東アジア-炭素14年代測定による高精度編年体系の構築-平成16～20年文部科学省・科学研究費学術創成研究費　研究成果報告書,
179,MTC-06971,TRUE,1875,30,AMS,赤坂遺跡,Akasakaiseki,35.14241111,139.6207694,Kanagawa,Kanto,"11次,3B住居跡,4区,覆土下",2009,弥生農耕の起源と東アジア-炭素14年代測定による高精度編年体系の構築-平成16～20年文部科学省・科学研究費学術創成研究費　研究成果報告書,
180,MTC-06972,TRUE,2050,35,AMS,唐古・鍵遺跡,Karako-Kagiiseki,34.573,135.7973194,Nara,Kansai,"22次,SK102土坑,2層,№355",2009,弥生農耕の起源と東アジア-炭素14年代測定による高精度編年体系の構築-平成16～20年文部科学省・科学研究費学術創成研究費　研究成果報告書,
181,MTC-06973,TRUE,2070,35,AMS,唐古・鍵遺跡,Karako-Kagiiseki,34.573,135.7973194,Nara,Kansai,"22次,SK102土坑,2層,№355",2009,弥生農耕の起源と東アジア-炭素14年代測定による高精度編年体系の構築-平成16～20年文部科学省・科学研究費学術創成研究費　研究成果報告書,
182,MTC-06974,TRUE,2065,30,AMS,唐古・鍵遺跡,Karako-Kagiiseki,34.573,135.7973194,Nara,Kansai,"22次,SK102土坑,2層,№355",2009,弥生農耕の起源と東アジア-炭素14年代測定による高精度編年体系の構築-平成16～20年文部科学省・科学研究費学術創成研究費　研究成果報告書,
183,MTC-06975,TRUE,2070,30,AMS,唐古・鍵遺跡,Karako-Kagiiseki,34.573,135.7973194,Nara,Kansai,"22次,SK102土坑,2層,№355",2009,弥生農耕の起源と東アジア-炭素14年代測定による高精度編年体系の構築-平成16～20年文部科学省・科学研究費学術創成研究費　研究成果報告書,
184,MTC-06976,TRUE,2080,30,AMS,唐古・鍵遺跡,Karako-Kagiiseki,34.573,135.7973194,Nara,Kansai,"22次,SK102土坑,2層,№355",2009,弥生農耕の起源と東アジア-炭素14年代測定による高精度編年体系の構築-平成16～20年文部科学省・科学研究費学術創成研究費　研究成果報告書,
185,MTC-06977,TRUE,2065,30,AMS,唐古・鍵遺跡,Karako-Kagiiseki,34.573,135.7973194,Nara,Kansai,"22次,SK102土坑,2層,№355",2009,弥生農耕の起源と東アジア-炭素14年代測定による高精度編年体系の構築-平成16～20年文部科学省・科学研究費学術創成研究費　研究成果報告書,
186,MTC-06978,TRUE,2025,30,AMS,唐古・鍵遺跡,Karako-Kagiiseki,34.573,135.7973194,Nara,Kansai,"22次,SK102土坑,2層,№355",2009,弥生農耕の起源と東アジア-炭素14年代測定による高精度編年体系の構築-平成16～20年文部科学省・科学研究費学術創成研究費　研究成果報告書,
187,MTC-06979,TRUE,2090,30,AMS,唐古・鍵遺跡,Karako-Kagiiseki,34.573,135.7973194,Nara,Kansai,"22次,SK102土坑,2層,№355",2009,弥生農耕の起源と東アジア-炭素14年代測定による高精度編年体系の構築-平成16～20年文部科学省・科学研究費学術創成研究費　研究成果報告書,
188,MTC-08498,TRUE,240,35,AMS,荒海貝塚,Aramikaizuka,35.83426944,140.3242194,Chiba,Kanto,NA,2009,弥生農耕の起源と東アジア-炭素14年代測定による高精度編年体系の構築-平成16～20年文部科学省・科学研究費学術創成研究費　研究成果報告書,
189,MTC-08502,TRUE,2415,40,AMS,横隈山遺跡,Yokokumayamaiseki,33.43281111,130.5669111,Fukuoka,Kyushu,不明　貯蔵穴,2009,弥生農耕の起源と東アジア-炭素14年代測定による高精度編年体系の構築-平成16～20年文部科学省・科学研究費学術創成研究費　研究成果報告書,
190,MTC-08503,TRUE,2450,90,AMS,横隈山遺跡,Yokokumayamaiseki,33.43281111,130.5669111,Fukuoka,Kyushu,不明　貯蔵穴,2009,弥生農耕の起源と東アジア-炭素14年代測定による高精度編年体系の構築-平成16～20年文部科学省・科学研究費学術創成研究費　研究成果報告書,
191,MTC-08504,TRUE,2425,40,AMS,横隈山遺跡,Yokokumayamaiseki,33.43281111,130.5669111,Fukuoka,Kyushu,不明　貯蔵穴,2009,弥生農耕の起源と東アジア-炭素14年代測定による高精度編年体系の構築-平成16～20年文部科学省・科学研究費学術創成研究費　研究成果報告書,
192,MTC-08959,TRUE,2515,50,AMS,板付遺跡,Itazukeiseki,33.563888,130.451944,Fukuoka,Kyushu,岡崎先生調査資料（夜臼～板付Ⅰの貯蔵穴があるところか？）,2009,弥生農耕の起源と東アジア-炭素14年代測定による高精度編年体系の構築-平成16～20年文部科学省・科学研究費学術創成研究費　研究成果報告書,
193,MTC-10018,TRUE,230,30,AMS,羽黒館グランド遺跡,Hagurokangurandoiseki,40.51788056,140.5665306,Aomori,Tohoku,NA,2009,弥生農耕の起源と東アジア-炭素14年代測定による高精度編年体系の構築-平成16～20年文部科学省・科学研究費学術創成研究費　研究成果報告書,
194,MTC-10670,TRUE,2335,30,AMS,唐古・鍵遺跡,Karako-Kagiiseki,34.573,135.7973194,Nara,Kansai,"20次SK215土坑2,No.2",2009,弥生農耕の起源と東アジア-炭素14年代測定による高精度編年体系の構築-平成16～20年文部科学省・科学研究費学術創成研究費　研究成果報告書,
195,MTC-10672,TRUE,2320,60,AMS,唐古・鍵遺跡,Karako-Kagiiseki,34.573,135.7973194,Nara,Kansai,"20次SK215土坑2,No.2",2009,弥生農耕の起源と東アジア-炭素14年代測定による高精度編年体系の構築-平成16～20年文部科学省・科学研究費学術創成研究費　研究成果報告書,
196,MTC-10944,TRUE,1820,40,AMS,力石条里遺跡群,Chikaraishijoriisekigun,36.46926111,138.1443806,Nagano,Chubu,SB27住居跡,2009,弥生農耕の起源と東アジア-炭素14年代測定による高精度編年体系の構築-平成16～20年文部科学省・科学研究費学術創成研究費　研究成果報告書,
197,MTC-10948,TRUE,2300,35,AMS,力石条里遺跡群,Chikaraishijoriisekigun,36.46926111,138.1443806,Nagano,Chubu,SK115土坑,2009,弥生農耕の起源と東アジア-炭素14年代測定による高精度編年体系の構築-平成16～20年文部科学省・科学研究費学術創成研究費　研究成果報告書,
198,MTC-10949,TRUE,2320,40,AMS,力石条里遺跡群,Chikaraishijoriisekigun,36.46926111,138.1443806,Nagano,Chubu,SK115土坑,2009,弥生農耕の起源と東アジア-炭素14年代測定による高精度編年体系の構築-平成16～20年文部科学省・科学研究費学術創成研究費　研究成果報告書,
199,MTC-10974,TRUE,1820,35,AMS,新井三丁目遺跡,Araisanchomeiseki,35.71583056,139.6619611,Tokyo,Kanto,"Y13号住居跡,旧16住居跡,ピット9,土壌サンプル1層",2009,弥生農耕の起源と東アジア-炭素14年代測定による高精度編年体系の構築-平成16～20年文部科学省・科学研究費学術創成研究費　研究成果報告書,
200,MTC-10975,TRUE,1775,30,AMS,新井三丁目遺跡,Araisanchomeiseki,35.71583056,139.6619611,Tokyo,Kanto,"Y43号住居跡,旧31住居跡,炉No1,燃焼面,覆土",2009,弥生農耕の起源と東アジア-炭素14年代測定による高精度編年体系の構築-平成16～20年文部科学省・科学研究費学術創成研究費　研究成果報告書,
201,MTC-10978,TRUE,1885,45,AMS,新井三丁目遺跡,Araisanchomeiseki,35.71583056,139.6619611,Tokyo,Kanto,"Y147号住居跡,旧59住居跡",2009,弥生農耕の起源と東アジア-炭素14年代測定による高精度編年体系の構築-平成16～20年文部科学省・科学研究費学術創成研究費　研究成果報告書,
202,MTC-10979,TRUE,1915,45,AMS,新井三丁目遺跡,Araisanchomeiseki,35.71583056,139.6619611,Tokyo,Kanto,"Y126号住居跡,旧65住居跡,ピット5(柱穴),上層",2009,弥生農耕の起源と東アジア-炭素14年代測定による高精度編年体系の構築-平成16～20年文部科学省・科学研究費学術創成研究費　研究成果報告書,
203,MTC-10980,TRUE,1830,40,AMS,新井三丁目遺跡,Araisanchomeiseki,35.71583056,139.6619611,Tokyo,Kanto,"Y32号住居跡,旧65住居跡,炉址内",2009,弥生農耕の起源と東アジア-炭素14年代測定による高精度編年体系の構築-平成16～20年文部科学省・科学研究費学術創成研究費　研究成果報告書,
204,MTC-10981,TRUE,1880,35,AMS,新井三丁目遺跡,Araisanchomeiseki,35.71583056,139.6619611,Tokyo,Kanto,"Y34号住居跡,旧68住居跡,炉址セクション",2009,弥生農耕の起源と東アジア-炭素14年代測定による高精度編年体系の構築-平成16～20年文部科学省・科学研究費学術創成研究費　研究成果報告書,
205,MTC-10982,TRUE,1885,40,AMS,新井三丁目遺跡,Araisanchomeiseki,35.71583056,139.6619611,Tokyo,Kanto,"Y124号住居跡,旧16住居跡,炉址覆土",2009,弥生農耕の起源と東アジア-炭素14年代測定による高精度編年体系の構築-平成16～20年文部科学省・科学研究費学術創成研究費　研究成果報告書,
206,MTC-10983,TRUE,1920,35,AMS,新井三丁目遺跡,Araisanchomeiseki,35.71583056,139.6619611,Tokyo,Kanto,"Y121号住居跡,旧119住居跡,ピット1,2",2009,弥生農耕の起源と東アジア-炭素14年代測定による高精度編年体系の構築-平成16～20年文部科学省・科学研究費学術創成研究費　研究成果報告書,
207,MTC-10984,TRUE,1880,35,AMS,新井三丁目遺跡,Araisanchomeiseki,35.71583056,139.6619611,Tokyo,Kanto,"Y57号住居跡,旧120住居跡,ピット8",2009,弥生農耕の起源と東アジア-炭素14年代測定による高精度編年体系の構築-平成16～20年文部科学省・科学研究費学術創成研究費　研究成果報告書,
208,MTC-10985,TRUE,1900,40,AMS,新井三丁目遺跡,Araisanchomeiseki,35.71583056,139.6619611,Tokyo,Kanto,"Y62号住居跡,旧149住居跡,炉址",2009,弥生農耕の起源と東アジア-炭素14年代測定による高精度編年体系の構築-平成16～20年文部科学省・科学研究費学術創成研究費　研究成果報告書,
209,MTC-10987,TRUE,70,60,AMS,新井三丁目遺跡,Araisanchomeiseki,35.71583056,139.6619611,Tokyo,Kanto,"1号方形周溝,主体部",2009,弥生農耕の起源と東アジア-炭素14年代測定による高精度編年体系の構築-平成16～20年文部科学省・科学研究費学術創成研究費　研究成果報告書,
210,MTC-11002,TRUE,440,60,AMS,野尻遺跡,Nojiriiseki,35.73471111,140.8267694,Chiba,Kanto,NA,2009,弥生農耕の起源と東アジア-炭素14年代測定による高精度編年体系の構築-平成16～20年文部科学省・科学研究費学術創成研究費　研究成果報告書,
211,MTC-11507,TRUE,2530,50,AMS,中屋敷遺跡,Nakayashikiiseki,35.3347463,139.1673167,Kanagawa,Kanto,土坑,2009,弥生農耕の起源と東アジア-炭素14年代測定による高精度編年体系の構築-平成16～20年文部科学省・科学研究費学術創成研究費　研究成果報告書,
212,MTC-11508,TRUE,2400,60,AMS,中屋敷遺跡,Nakayashikiiseki,35.3347463,139.1673167,Kanagawa,Kanto,土坑,2009,弥生農耕の起源と東アジア-炭素14年代測定による高精度編年体系の構築-平成16～20年文部科学省・科学研究費学術創成研究費　研究成果報告書,
213,MTC-12210,TRUE,1985,35,AMS,領家遺跡,Ryokeiseki,35.06276111,133.9116389,Okayama,Chugoku,"31住居跡,焼失住居,多量遺存の焼米（中国自動車道5（岡山県8,1975年-392頁）",2009,弥生農耕の起源と東アジア-炭素14年代測定による高精度編年体系の構築-平成16～20年文部科学省・科学研究費学術創成研究費　研究成果報告書,
214,N-4449,TRUE,400,60,Beta Counting,妻の神Ⅰ遺跡,Sainokami1iseki,40.20845,140.8047806,Akita,Tohoku,SI003,1984,秋田県文化財調査報告書第107集　東北縦貫自動車道発掘調査報告書Ⅷ,
215,N-934,TRUE,1850,115,Beta Counting,外原遺跡,Sotobaruiseki,35.69491944,139.9821,Chiba,Kanto,4号址,1972,外原,
216,NUTA-6589,TRUE,458,89,AMS,里浜貝塚,Satohamakaizuka,38.33573611,141.1437097,Miyagi,Tohoku,第1植物遺体層,1999,鳴瀬町文化財調査報告書第5集　里浜貝塚　平成10年度発掘調査概報,
217,NUTA2-7470,TRUE,2069,28,AMS,唐古・鍵遺跡,Karako-Kagiiseki,34.573,135.7973194,Nara,Kansai,"22次,SK102土坑,2層,№355",2009,弥生農耕の起源と東アジア-炭素14年代測定による高精度編年体系の構築-平成16～20年文部科学省・科学研究費学術創成研究費　研究成果報告書,
218,PED-10198,TRUE,345,20,AMS,川嶺辻遺跡,Kawaminetsujiiseki,27.69315,128.9751611,Kagoshima,Kyushu,３a層,2010,伊仙町埋蔵文化財発掘調査報告書(13)　川嶺辻遺跡,
219,PED-16244,TRUE,1499,17,AMS,玉名平野条里跡(古閑前地区),Tamanaheiyajoriato（Kogamaechiku）,32.93986111,130.5773806,Kumamoto,Kyushu,"試料№:1　廃棄住居跡(H14),土坑内",2011,熊本県文化財調査報告　第261集　玉名平野条里跡(古閑前地区),
220,PED-16245,TRUE,1526,17,AMS,玉名平野条里跡(古閑前地区),Tamanaheiyajoriato（Kogamaechiku）,32.93986111,130.5773806,Kumamoto,Kyushu,"試料№:2　廃棄住居跡(H14),土坑内",2011,熊本県文化財調査報告　第261集　玉名平野条里跡(古閑前地区),
221,PED-16246,TRUE,1499,16,AMS,玉名平野条里跡(古閑前地区),Tamanaheiyajoriato（Kogamaechiku）,32.93986111,130.5773806,Kumamoto,Kyushu,"試料№:3　廃棄住居跡(H14),土坑内",2011,熊本県文化財調査報告　第261集　玉名平野条里跡(古閑前地区),
222,PED-17363,TRUE,2102,21,AMS,上岩田遺跡,Kamiiwataiseki,33.3998,130.5762611,Fukuoka,Kyushu,試料名:№1　焼失竪穴住居(305号住居),2014,上岩田工業団地造成事業関係埋蔵文化財調査報告書-(6)-　福岡県小郡市所在　上岩田遺跡Ⅴ　小郡市埋蔵文化財調査報告書　第277集,
223,PED-17364,TRUE,2103,23,AMS,上岩田遺跡,Kamiiwataiseki,33.3998,130.5762611,Fukuoka,Kyushu,試料名:№2　焼失竪穴住居(305号住居),2014,上岩田工業団地造成事業関係埋蔵文化財調査報告書-(6)-　福岡県小郡市所在　上岩田遺跡Ⅴ　小郡市埋蔵文化財調査報告書　第277集,
224,PED-8206,TRUE,1540,15,AMS,宮ノ東遺跡,Miyanohigashiiseki,32.08108889,131.4152694,Miyazaki,Kyushu,試料名:8,2008,宮崎県埋蔵文化財センター発掘調査報告書　第173集　宮ノ東遺跡　東九州自動車道(都農〜西都間)建設に伴う埋蔵文化財発掘調査報告書60,
225,PED-8215,TRUE,1310,20,AMS,宮ノ東遺跡,Miyanohigashiiseki,32.08108889,131.4152694,Miyazaki,Kyushu,試料名:48,2008,宮崎県埋蔵文化財センター発掘調査報告書　第173集　宮ノ東遺跡　東九州自動車道(都農〜西都間)建設に伴う埋蔵文化財発掘調査報告書60,
226,PED-8219,TRUE,1260,20,AMS,宮ノ東遺跡,Miyanohigashiiseki,32.08108889,131.4152694,Miyazaki,Kyushu,試料名:99,2008,宮崎県埋蔵文化財センター発掘調査報告書　第173集　宮ノ東遺跡　東九州自動車道(都農〜西都間)建設に伴う埋蔵文化財発掘調査報告書60,
227,PED-8222,TRUE,1205,20,AMS,宮ノ東遺跡,Miyanohigashiiseki,32.08108889,131.4152694,Miyazaki,Kyushu,試料名:116,2008,宮崎県埋蔵文化財センター発掘調査報告書　第173集　宮ノ東遺跡　東九州自動車道(都農〜西都間)建設に伴う埋蔵文化財発掘調査報告書60,
228,PED-9497,TRUE,1845,25,AMS,尾花A遺跡,Obanaaiseki,32.19176111,131.5254694,Miyazaki,Kyushu,試料№:5　S404-焼土 竪穴住居,2009,宮崎県埋蔵文化財センター発掘調査報告書　第195集　尾花A遺跡Ⅱ　弥生時代以降編　東九州自動車道(都農〜西都間)建設に伴う埋蔵文化財発掘調査報告書65　本文編(1/3),
229,PED-9509,TRUE,1720,25,AMS,尾花A遺跡,Obanaaiseki,32.19176111,131.5254694,Miyazaki,Kyushu,試料№:89　SA18-SC1埋土　住居内土坑,2009,宮崎県埋蔵文化財センター発掘調査報告書　第195集　尾花A遺跡Ⅱ　弥生時代以降編　東九州自動車道(都農〜西都間)建設に伴う埋蔵文化財発掘調査報告書65　本文編(1/3),
230,PED-9519,TRUE,760,25,AMS,尾花A遺跡,Obanaaiseki,32.19176111,131.5254694,Miyazaki,Kyushu,試料№:153　SC88-埋土　土坑,2009,宮崎県埋蔵文化財センター発掘調査報告書　第195集　尾花A遺跡Ⅱ　弥生時代以降編　東九州自動車道(都農〜西都間)建設に伴う埋蔵文化財発掘調査報告書65　本文編(1/3),
231,PED-9520,TRUE,775,20,AMS,尾花A遺跡,Obanaaiseki,32.19176111,131.5254694,Miyazaki,Kyushu,試料№:165　SC92-埋土　土坑,2009,宮崎県埋蔵文化財センター発掘調査報告書　第195集　尾花A遺跡Ⅱ　弥生時代以降編　東九州自動車道(都農〜西都間)建設に伴う埋蔵文化財発掘調査報告書65　本文編(1/3),
232,PED-9526,TRUE,2115,20,AMS,尾花A遺跡,Obanaaiseki,32.19176111,131.5254694,Miyazaki,Kyushu,試料№:197　S119-P11埋土　住居内ピット,2009,宮崎県埋蔵文化財センター発掘調査報告書　第195集　尾花A遺跡Ⅱ　弥生時代以降編　東九州自動車道(都農〜西都間)建設に伴う埋蔵文化財発掘調査報告書65　本文編(1/3),
233,PED-9527,TRUE,2165,20,AMS,尾花A遺跡,Obanaaiseki,32.19176111,131.5254694,Miyazaki,Kyushu,試料№:200　S155-SC1埋土　住居内土坑,2009,宮崎県埋蔵文化財センター発掘調査報告書　第195集　尾花A遺跡Ⅱ　弥生時代以降編　東九州自動車道(都農〜西都間)建設に伴う埋蔵文化財発掘調査報告書65　本文編(1/3),
234,PED-9530,TRUE,1770,20,AMS,尾花A遺跡,Obanaaiseki,32.19176111,131.5254694,Miyazaki,Kyushu,試料№:228　S34-Ⅳ層　土坑,2009,宮崎県埋蔵文化財センター発掘調査報告書　第195集　尾花A遺跡Ⅱ　弥生時代以降編　東九州自動車道(都農〜西都間)建設に伴う埋蔵文化財発掘調査報告書65　本文編(1/3),
235,PED-9536,TRUE,1825,20,AMS,尾花A遺跡,Obanaaiseki,32.19176111,131.5254694,Miyazaki,Kyushu,試料№:251　S103-底　土坑,2009,宮崎県埋蔵文化財センター発掘調査報告書　第195集　尾花A遺跡Ⅱ　弥生時代以降編　東九州自動車道(都農〜西都間)建設に伴う埋蔵文化財発掘調査報告書65　本文編(1/3),
236,PLD-10219,TRUE,2450,20,AMS,有田遺跡,Aritaiseki,33.56435,130.3361194,Fukuoka,Kyushu,森先生調査資料か？,2009,弥生農耕の起源と東アジア-炭素14年代測定による高精度編年体系の構築-平成16～20年文部科学省・科学研究費学術創成研究費　研究成果報告書,
237,PLD-10282,TRUE,2365,25,AMS,上里遺跡,Uwazatoiseki,34.95000278,135.6843833,Kyoto,Kansai,NA,2009,弥生農耕の起源と東アジア-炭素14年代測定による高精度編年体系の構築-平成16～20年文部科学省・科学研究費学術創成研究費　研究成果報告書,
238,PLD-1034,TRUE,2260,30,AMS,猫島遺跡,Nekojimaiseki,35.30778889,136.8547194,Aichi,Chubu,SB07-P20,2003,愛知県埋蔵文化財センター調査報告書第107集　猫島遺跡,
239,PLD-11630,TRUE,1925,25,AMS,カラカミ遺跡,Karakamiiseki,33.79505,129.6965806,Nagasaki,Kyushu,試料番号:NAKU-C8　第2地点Bトレンチ溝2層,2008,壱岐カラカミ遺跡Ⅱ　-カラカミ遺跡東亜考古学会第1地点の発掘調査-　平成20年度独立行政法人日本学術振興会科学研究費補助金基盤研究B,
240,PLD-11632,TRUE,2085,20,AMS,カラカミ遺跡,Karakamiiseki,33.79505,129.6965806,Nagasaki,Kyushu,試料番号:NAKU-C11　第1地点B9-5a貝層,2008,壱岐カラカミ遺跡Ⅱ　-カラカミ遺跡東亜考古学会第1地点の発掘調査-　平成20年度独立行政法人日本学術振興会科学研究費補助金基盤研究B,
241,PLD-11698,TRUE,560,20,AMS,中居林遺跡,Nakaibayashiiseki,40.48821944,141.4939889,Aomori,Tohoku,第3号竪穴住居跡　床面,2009,青森県埋蔵文化財調査報告書第470集　長久保(2)遺跡Ⅲ　糠塚小沢遺跡Ⅱ　中居林遺跡Ⅱ,
242,PLD-12287,TRUE,1124,20,AMS,中平遺跡,Nakadairaiseki,40.72323056,140.5305194,Aomori,Tohoku,SI05　イ区2号土壌サンプル,2010,青森県埋蔵文化財調査報告書第490集　中平遺跡Ⅱ,
243,PLD-12328,TRUE,1350,18,AMS,宮田館遺跡,Miyatadateiseki,40.837777,140.835,Aomori,Tohoku,火山灰範囲12　Ⅱa層,2009,青森県埋蔵文化財調査報告書第473集　米山(2)遺跡Ⅵ･宮田館遺跡Ⅶ,
244,PLD-12397,TRUE,2154,21,AMS,佐寺原遺跡,Sateraharaiseki,33.3394,130.9796806,Oita,Kyushu,5号土坑　1.2層,2011,佐寺原遺跡　ｰ2･3次調査ｰ,
245,PLD-12604,TRUE,1260,23,AMS,上五明条里水田址,Kamigomyojorisuidenshi,36.44278889,138.14725,Nagano,Chubu,SD9,2011,長野県埋蔵文化財センター発掘調査報告書97　主要地方道長野上田線力石バイパス建設事業埋蔵文化財発掘調査報告書2　坂城町内　上五明条里水田址,
246,PLD-12741,TRUE,2216,22,AMS,佐寺原遺跡,Sateraharaiseki,33.3394,130.9796806,Oita,Kyushu,6号土坑,2011,佐寺原遺跡　ｰ2･3次調査ｰ,
247,PLD-12742,TRUE,2062,21,AMS,佐寺原遺跡,Sateraharaiseki,33.3394,130.9796806,Oita,Kyushu,2号竪穴住居跡　炉1層,2011,佐寺原遺跡　ｰ2･3次調査ｰ,
248,PLD-1306,TRUE,960,20,AMS,厨川谷地遺跡,Kuriyagawayachiiseki,39.46821111,140.5619806,Akita,Tohoku,SN1322,2005,秋田県文化財調査報告書第383集　厨川谷地遺跡,
249,PLD-14141,TRUE,546,19,AMS,中平遺跡,Nakadairaiseki,40.72323056,140.5305194,Aomori,Tohoku,SK-27　第4層,2010,青森県埋蔵文化財調査報告書第490集　中平遺跡Ⅱ,
250,PLD-14143,TRUE,116,19,AMS,中平遺跡,Nakadairaiseki,40.72323056,140.5305194,Aomori,Tohoku,EV-54-54　土器内堆積土,2010,青森県埋蔵文化財調査報告書第490集　中平遺跡Ⅱ,
251,PLD-14145,TRUE,582,21,AMS,中平遺跡,Nakadairaiseki,40.72323056,140.5305194,Aomori,Tohoku,SK-568側　基本層序Ⅱ層,2010,青森県埋蔵文化財調査報告書第490集　中平遺跡Ⅱ,
252,PLD-14163,TRUE,782,18,AMS,釣上高岡南遺跡,Kagiagetakaokaminamiiseki,35.90056111,139.7421306,Saitama,Kanto,22号井戸12層,2009,さいたま市遺跡調査会報告書第104集　釣上新田上遺跡　釣上高岡南遺跡　尾ヶ崎新田深町西遺跡　尾ヶ崎新田深町遺跡,
253,PLD-14300,TRUE,1229,20,AMS,梅北針谷遺跡,Umekitaharitaniiseki,31.66256944,131.0553694,Miyazaki,Kyushu,試料№:1･2･3　SR1　1号焼土土坑　炉内埋土,2011,宮崎県埋蔵文化財センター発掘調査報告書　第204集　梅北針谷遺跡　都城東環状線(今町工区)地域高規格道路整備事業に伴う埋蔵文化財発掘調査報告書2,
254,PLD-14301,TRUE,1219,21,AMS,梅北針谷遺跡,Umekitaharitaniiseki,31.66256944,131.0553694,Miyazaki,Kyushu,試料№:3･4･5　SR2　　2号焼土土坑　炉内埋土,2011,宮崎県埋蔵文化財センター発掘調査報告書　第204集　梅北針谷遺跡　都城東環状線(今町工区)地域高規格道路整備事業に伴う埋蔵文化財発掘調査報告書2,
255,PLD-14302,TRUE,1255,22,AMS,梅北針谷遺跡,Umekitaharitaniiseki,31.66256944,131.0553694,Miyazaki,Kyushu,試料№:6･7　SR3　3号焼土土坑　炉内埋土,2011,宮崎県埋蔵文化財センター発掘調査報告書　第204集　梅北針谷遺跡　都城東環状線(今町工区)地域高規格道路整備事業に伴う埋蔵文化財発掘調査報告書2,
256,PLD-14303,TRUE,1218,21,AMS,梅北針谷遺跡,Umekitaharitaniiseki,31.66256944,131.0553694,Miyazaki,Kyushu,試料№:8　SR5 5号焼土土坑　炉内埋土,2011,宮崎県埋蔵文化財センター発掘調査報告書　第204集　梅北針谷遺跡　都城東環状線(今町工区)地域高規格道路整備事業に伴う埋蔵文化財発掘調査報告書2,
257,PLD-14359,TRUE,1827,25,AMS,北一本柳遺跡,Kitaipponyanagiiseki,36.2701,138.468,Nagano,Chubu,"竪穴住居址H56 No,1土器内",2010,佐久市埋蔵文化財調査報告書第175集　第1分冊　西一本柳遺跡ⅩⅣ,
258,PLD-14360,TRUE,1845,25,AMS,北一本柳遺跡,Kitaipponyanagiiseki,36.2701,138.468,Nagano,Chubu,竪穴住居址H61,2010,佐久市埋蔵文化財調査報告書第175集　第1分冊　西一本柳遺跡ⅩⅣ,
259,PLD-14362,TRUE,2091,25,AMS,西一本柳遺跡,Nishiipponyanagiiseki,36.265833,138.468055,Nagano,Chubu,溝跡M11　No.4土器内,2010,佐久市埋蔵文化財調査報告書第175集　第1分冊　西一本柳遺跡ⅩⅣ,
260,PLD-14905,TRUE,342,23,AMS,桜洞城跡,Sakuraborajoato,35.94423056,137.2119611,Gifu,Chubu,SBJ09不明遺構,2014,下呂市文化財調査報告書第3集　桜洞城跡発掘調査報告書,
261,PLD-15588,TRUE,334,18,AMS,武蔵国府関連遺跡,Musashikokufukanreniseki,35.66852176,139.4734519,Tokyo,Kanto,グリッド　L66　方形土坑SK29,2010,府中市埋蔵文化財調査報告第45集　西府･本宿町地域の調査2,
262,PLD-16399,TRUE,2010,22,AMS,下佐野遺跡,Shimosanoiseki,36.72391111,136.9924611,Toyama,Chubu,TSS-B1区　SD51-S,2011,下佐野遺跡発掘調査報告書,
263,PLD-16400,TRUE,1984,23,AMS,下佐野遺跡,Shimosanoiseki,36.72391111,136.9924611,Toyama,Chubu,TSS-B1区　SD139-C,2011,下佐野遺跡発掘調査報告書,
264,PLD-16401,TRUE,1959,21,AMS,下佐野遺跡,Shimosanoiseki,36.72391111,136.9924611,Toyama,Chubu,TSS-B1区　SD157-N,2011,下佐野遺跡発掘調査報告書,
265,PLD-16402,TRUE,1850,22,AMS,下佐野遺跡,Shimosanoiseki,36.72391111,136.9924611,Toyama,Chubu,TSS-B1区　SD168-d,2011,下佐野遺跡発掘調査報告書,
266,PLD-16403,TRUE,302,20,AMS,下佐野遺跡,Shimosanoiseki,36.72391111,136.9924611,Toyama,Chubu,TSS-B3区　SZ02　SK16,2011,下佐野遺跡発掘調査報告書,
267,PLD-16404,TRUE,812,21,AMS,下佐野遺跡,Shimosanoiseki,36.72391111,136.9924611,Toyama,Chubu,TSS-B4区　SD131-a,2011,下佐野遺跡発掘調査報告書,
268,PLD-16405,TRUE,663,21,AMS,下佐野遺跡,Shimosanoiseki,36.72391111,136.9924611,Toyama,Chubu,TSS-B4区　SD153-a,2011,下佐野遺跡発掘調査報告書,
269,PLD-16406,TRUE,716,20,AMS,下佐野遺跡,Shimosanoiseki,36.72391111,136.9924611,Toyama,Chubu,TSS-B4区　SD156-W,2011,下佐野遺跡発掘調査報告書,
270,PLD-1641,TRUE,430,30,AMS,木戸城遺跡,Kidojoiseki,34.89443889,137.0908111,Aichi,Chubu,SK167,2003,愛知県埋蔵文化財センター調査報告書第111集　木戸城遺跡･古新田遺跡,
271,PLD-1642,TRUE,345,25,AMS,木戸城遺跡,Kidojoiseki,34.89443889,137.0908111,Aichi,Chubu,SK167,2003,愛知県埋蔵文化財センター調査報告書第111集　木戸城遺跡･古新田遺跡,
272,PLD-1643,TRUE,425,30,AMS,木戸城遺跡,Kidojoiseki,34.89443889,137.0908111,Aichi,Chubu,SK167,2003,愛知県埋蔵文化財センター調査報告書第111集　木戸城遺跡･古新田遺跡,
273,PLD-17749,TRUE,264,25,AMS,甲田城跡,Kodajoato,37.49081111,138.6487694,Niigata,Chubu,西地区　第1廓,2013,柏崎市埋蔵文化財調査報告書第70集　柏崎市の遺跡　別冊Ⅰ,
274,PLD-17750,TRUE,283,26,AMS,甲田城跡,Kodajoato,37.49081111,138.6487694,Niigata,Chubu,西地区　第23廓`2,2013,柏崎市埋蔵文化財調査報告書第70集　柏崎市の遺跡　別冊Ⅰ,
275,PLD-17772,TRUE,1827,21,AMS,氷川遺跡,Hikawaiseki,35.65133889,139.6878111,Tokyo,Kanto,SI09貯蔵穴P1覆土,2012,東京都埋蔵文化財センター調査報告第266集　氷川遺跡,
276,PLD-17774,TRUE,1817,21,AMS,氷川遺跡,Hikawaiseki,35.65133889,139.6878111,Tokyo,Kanto,SI12貯蔵穴P1覆土,2012,東京都埋蔵文化財センター調査報告第266集　氷川遺跡,
277,PLD-17775,TRUE,1793,21,AMS,氷川遺跡,Hikawaiseki,35.65133889,139.6878111,Tokyo,Kanto,SI15炉A覆土,2012,東京都埋蔵文化財センター調査報告第266集　氷川遺跡,
278,PLD-18601,TRUE,1812,20,AMS,愛宕遺跡,Atagoiseki,36.72168056,137.1106611,Toyama,Chubu,SE365C　底面　甕内面付着,2013,富山県文化振興財団埋蔵文化財発掘調査報告第53集　白石遺跡　大江東遺跡　大江遺跡　愛宕遺跡　今開発東遺跡　今開発遺跡　三ケ･本開発遺跡発掘調査報告,
279,PLD-2162,TRUE,405,25,AMS,重竹遺跡,Shigetakeiseki,35.51075,136.9204111,Gifu,Chubu,"ST01STB, BN9　B262-①層",2005,岐阜県教育文化財団文化財保護センター調査報告書第91集　重竹遺跡･上西田遺跡　第2分冊,
280,PLD-23048,TRUE,802,20,AMS,高間(1)遺跡,Takama(1)Iseki,40.82828889,140.69215,Aomori,Tohoku,Sea-02(SK-97)　もみがら層,2014,青森市埋蔵文化財調査報告書第116集-3　石江遺跡群発掘調査報告書Ⅶ(第3分冊:新田(1)･(2)遺跡本文編、石江遺跡群補遺編･分析編5･総括編),
281,PLD-23880,TRUE,622,18,AMS,小谷場貝塚遺跡,Koyabakaizukaiseki,35.80726944,139.7237694,Saitama,Kanto,SI9,2014,川口市遺跡調査会報告第45集　小谷場貝塚遺跡,
282,PLD-2652,TRUE,2145,35,AMS,吉崎･次場遺跡,Yoshisakisubaiseki,36.89326111,136.77885,Ishikawa,Chubu,第17次調査　SD01第18層,2005,長者川遺跡,
283,PLD-2653,TRUE,1875,35,AMS,長者川遺跡,Chojagawaiseki,36.88345,136.7799194,Ishikawa,Chubu,粘土層中,2005,長者川遺跡,
284,PLD-2654,TRUE,2145,35,AMS,長者川遺跡,Chojagawaiseki,36.88345,136.7799194,Ishikawa,Chubu,SD-03,2005,長者川遺跡,
285,PLD-28685,TRUE,332,17,AMS,富山城跡,Toyamajoato,36.69262824,137.210756,Toyama,Chubu,慶長期埋土,2017,富山市埋蔵文化財調査報告88　富山城跡発掘調査報告書,
286,PLD-28868,TRUE,2518,18,AMS,三谷遺跡,Mitaniiseki,34.07366944,134.5277306,Tokushima,Shikoku,"貝塚Ⅱ,10-E(SQ02)",2018,三谷遺跡　-徳島市佐古配水場施設建設工事に伴う発掘調査-　本編分冊･自然遺物編,
287,PLD-30370,TRUE,1728,19,AMS,明科遺跡群古殿屋敷,Akashinaisekigunfurutonoyashiki,36.34543889,137.9344306,Nagano,Chubu,C区4d層,2016,安曇野市の埋蔵文化財第9集　平成26年度安曇野市埋蔵文化財発掘調査報告書　明科遺跡群古殿屋敷(第2次),
288,PLD-30730,TRUE,1174,17,AMS,法垣遺跡,Hogakiiseki,33.55448056,131.2120111,Oita,Kyushu,SB24PIT1掘方　試料№4,2018,法垣遺跡3次･4次調査　ｰ本文､遺構･遺物図版､石製品写真図版･観察表編ｰ　事務所建設･地域振興施設(道の駅)建設に伴う埋蔵文化財発掘調査報告書(2)　中津市文化財調査報告　第84集,
289,PLD-30749,TRUE,1876,19,AMS,馬場遺跡,Babaiseki,35.58738889,138.5994389,Yamanashi,Chubu,SI-7　炉,2016,笛吹市文化財調査報告書第32集　馬場遺跡,
290,PLD-3668,FALSE,345,25,AMS,小出城跡,Koidejoato,36.73476944,137.31885,Toyama,Chubu,SD01　Ⅱ層,2007,富山市埋蔵文化財調査報告14　小出城跡発掘調査報告書,Unclear whether it is a rice grain
291,PLD-3810,TRUE,1275,37,AMS,市ヶ洞1号窯,Ichigahora1gokama,35.16526111,137.0289611,Aichi,Chubu,須恵器窯跡　炉壁内,2007,瀬戸市埋蔵文化財センター調査報告第36集　丁子田窯跡･市ヶ洞1号窯跡,
292,PLD-3920,TRUE,2394,30,AMS,中屋敷遺跡,Nakayashikiiseki,35.3347463,139.1673167,Kanagawa,Kanto,第9号土坑一括　草本類堆積物の土壌サンプル中,2008,中屋敷遺跡発掘調査報告書,
293,PLD-3991,TRUE,2319,32,AMS,中屋敷遺跡,Nakayashikiiseki,35.3347463,139.1673167,Kanagawa,Kanto,第9号土坑　3層一括,2008,中屋敷遺跡発掘調査報告書,
294,PLD-4355,TRUE,1150,30,AMS,湘南新道関連遺跡,Shonanshindokanreniseki,35.3693,139.2767194,Kanagawa,Kanto,23区　NH1号遺物集中,2007,かながわ考古学財団調査報告208　湘南新道関連遺跡Ⅰ　大会原遺跡　六ノ域遺跡,
295,PLD-4386,TRUE,1879,23,AMS,打出遺跡,Uchiideiseki,36.75278056,137.1835306,Toyama,Chubu,SI01-P03,2006,富山市埋蔵文化財調査報告7　打出遺跡発掘調査報告書,
296,PLD-4593,TRUE,1809,27,AMS,打出遺跡,Uchiideiseki,36.75278056,137.1835306,Toyama,Chubu,SI04 P04,2006,富山市埋蔵文化財調査報告7　打出遺跡発掘調査報告書,
297,PLD-4737,TRUE,1316,21,AMS,宮前遺跡,Miyamaeiseki,35.83726111,139.5165389,Saitama,Kanto,Ａ地点,2006,三芳町埋蔵文化財報告32　町内遺跡発掘調査報告書Ⅵ,
298,PLD-4875,TRUE,2465,25,AMS,大開遺跡,Daikaiiseki,34.67551944,135.1693889,Hyogo,Kansai,"SB404住居跡,炭化物,炭化米,1988.6.3",2009,弥生農耕の起源と東アジア-炭素14年代測定による高精度編年体系の構築-平成16～20年文部科学省・科学研究費学術創成研究費　研究成果報告書,
299,PLD-5104,TRUE,2235,20,AMS,米竹遺跡,Yonetakeiseki,33.23648889,131.6634389,Oita,Kyushu,"SK015ブロック8(床面直上),5(下部)",2009,弥生農耕の起源と東アジア-炭素14年代測定による高精度編年体系の構築-平成16～20年文部科学省・科学研究費学術創成研究費　研究成果報告書,
300,PLD-5109,TRUE,2185,25,AMS,下郡遺跡,Shimogoriiseki,33.22326944,131.6260694,Oita,Kyushu,"95次,SK030床面出土",2009,弥生農耕の起源と東アジア-炭素14年代測定による高精度編年体系の構築-平成16～20年文部科学省・科学研究費学術創成研究費　研究成果報告書,
301,PLD-5111,TRUE,2165,20,AMS,下郡遺跡,Shimogoriiseki,33.22326944,131.6260694,Oita,Kyushu,"51次,SK005甕の中から",2009,弥生農耕の起源と東アジア-炭素14年代測定による高精度編年体系の構築-平成16～20年文部科学省・科学研究費学術創成研究費　研究成果報告書,
302,PLD-5987,TRUE,1149,19,AMS,花小路遺跡,Hanakojiiseki,36.20231944,139.2733,Saitama,Kanto,SB4　P3,2008,埼玉県深谷市埋蔵文化財調査報告書第101集　花小路遺跡,
303,PLD-6013,TRUE,946,19,AMS,土飛山館跡,Dobiyamadateato,40.27346111,140.5530389,Akita,Tohoku,SI131･140,2007,秋田県文化財調査報告書第425集　土飛山館跡,
304,PLD-6014,TRUE,887,19,AMS,土飛山館跡,Dobiyamadateato,40.27346111,140.5530389,Akita,Tohoku,SI132-P2,2007,秋田県文化財調査報告書第425集　土飛山館跡,
305,PLD-6149,TRUE,1193,22,AMS,幡羅遺跡,Haraiseki,36.17718889,139.3191389,Saitama,Kanto,第32号建物跡周辺,2007,埼玉県深谷市埋蔵文化財発掘調査報告書第88集　幡羅遺跡Ⅱ,
306,PLD-6199,TRUE,1605,25,AMS,山門北池遺跡,Yamatokitaikeiseki,33.15188056,130.4982111,Fukuoka,Kyushu,5区　住47カマド,2007,九州新幹線関係埋蔵文化財調査報告　第6集　山門北池遺跡,
307,PLD-6458,TRUE,2080,35,AMS,下郡遺跡,Shimogoriiseki,33.22326944,131.6260694,Oita,Kyushu,"51次,SK005甕の中から",2009,弥生農耕の起源と東アジア-炭素14年代測定による高精度編年体系の構築-平成16～20年文部科学省・科学研究費学術創成研究費　研究成果報告書,
308,PLD-6459,TRUE,2125,35,AMS,下郡遺跡,Shimogoriiseki,33.22326944,131.6260694,Oita,Kyushu,"51次,SK005甕の中から",2009,弥生農耕の起源と東アジア-炭素14年代測定による高精度編年体系の構築-平成16～20年文部科学省・科学研究費学術創成研究費　研究成果報告書,
309,PLD-6460,TRUE,2080,35,AMS,下郡遺跡,Shimogoriiseki,33.22326944,131.6260694,Oita,Kyushu,"51次,SK005甕の中から",2009,弥生農耕の起源と東アジア-炭素14年代測定による高精度編年体系の構築-平成16～20年文部科学省・科学研究費学術創成研究費　研究成果報告書,
310,PLD-6461,TRUE,2140,35,AMS,下郡遺跡,Shimogoriiseki,33.22326944,131.6260694,Oita,Kyushu,"51次,SK005甕の中から",2009,弥生農耕の起源と東アジア-炭素14年代測定による高精度編年体系の構築-平成16～20年文部科学省・科学研究費学術創成研究費　研究成果報告書,
311,PLD-6462,TRUE,2125,35,AMS,下郡遺跡,Shimogoriiseki,33.22326944,131.6260694,Oita,Kyushu,"51次,SK005甕の中から",2009,弥生農耕の起源と東アジア-炭素14年代測定による高精度編年体系の構築-平成16～20年文部科学省・科学研究費学術創成研究費　研究成果報告書,
312,PLD-6463,TRUE,2175,30,AMS,下郡遺跡,Shimogoriiseki,33.22326944,131.6260694,Oita,Kyushu,"51次,SK005甕の中から",2009,弥生農耕の起源と東アジア-炭素14年代測定による高精度編年体系の構築-平成16～20年文部科学省・科学研究費学術創成研究費　研究成果報告書,
313,PLD-6473,TRUE,316,17,AMS,小井川遺跡,Koikawaiseki,35.60436944,138.5222306,Yamanashi,Chubu,東3号墓,2008,山梨県埋蔵文化財センター調査報告書第255集　小井川遺跡Ⅲ,
314,PLD-6474,TRUE,355,16,AMS,小井川遺跡,Koikawaiseki,35.60436944,138.5222306,Yamanashi,Chubu,東4号墓　下層,2008,山梨県埋蔵文化財センター調査報告書第255集　小井川遺跡Ⅲ,
315,PLD-6475,TRUE,328,16,AMS,小井川遺跡,Koikawaiseki,35.60436944,138.5222306,Yamanashi,Chubu,東地区　2号墓　下層,2008,山梨県埋蔵文化財センター調査報告書第255集　小井川遺跡Ⅲ,
316,PLD-6476,TRUE,317,18,AMS,小井川遺跡,Koikawaiseki,35.60436944,138.5222306,Yamanashi,Chubu,西地区　1号墓　中層,2008,山梨県埋蔵文化財センター調査報告書第255集　小井川遺跡Ⅲ,
317,PLD-6477,TRUE,308,16,AMS,小井川遺跡,Koikawaiseki,35.60436944,138.5222306,Yamanashi,Chubu,西地区　2号墓　下層,2008,山梨県埋蔵文化財センター調査報告書第255集　小井川遺跡Ⅲ,
318,PLD-6478,TRUE,289,17,AMS,小井川遺跡,Koikawaiseki,35.60436944,138.5222306,Yamanashi,Chubu,G494　板の下の黒色層　下層,2008,山梨県埋蔵文化財センター調査報告書第255集　小井川遺跡Ⅲ,
319,PLD-8046,TRUE,1895,20,AMS,高柳･下安田遺跡,Takayanagi・Shimoyasudaiseki,36.13243889,136.26035,Fukui,Chubu,SI051　床面,2010,福井県埋蔵文化財調査報告第112集　高柳･下安田遺跡,
320,PLD-8810,TRUE,1860,25,AMS,南山畑遺跡,Minamiyamahataiseki,35.08278056,137.1779806,Aichi,Chubu,C7-4　1423,2009,弥生農耕の起源と東アジア-炭素14年代測定による高精度編年体系の構築-平成16～20年文部科学省・科学研究費学術創成研究費　研究成果報告書,
321,PLD-9712,TRUE,1855,25,AMS,新井三丁目遺跡,Araisanchomeiseki,35.71583056,139.6619611,Tokyo,Kanto,"J1号住居跡,旧23住居跡,炉内覆土",2009,弥生農耕の起源と東アジア-炭素14年代測定による高精度編年体系の構築-平成16～20年文部科学省・科学研究費学術創成研究費　研究成果報告書,
322,PLD-9713,TRUE,1900,25,AMS,新井三丁目遺跡,Araisanchomeiseki,35.71583056,139.6619611,Tokyo,Kanto,"J1号住居跡,旧23住居跡,炉内覆土",2009,弥生農耕の起源と東アジア-炭素14年代測定による高精度編年体系の構築-平成16～20年文部科学省・科学研究費学術創成研究費　研究成果報告書,
323,PLD-9714,TRUE,1875,20,AMS,新井三丁目遺跡,Araisanchomeiseki,35.71583056,139.6619611,Tokyo,Kanto,"J1号住居跡,旧23住居跡,炉内覆土",2009,弥生農耕の起源と東アジア-炭素14年代測定による高精度編年体系の構築-平成16～20年文部科学省・科学研究費学術創成研究費　研究成果報告書,
324,PLD-9715,TRUE,1840,25,AMS,新井三丁目遺跡,Araisanchomeiseki,35.71583056,139.6619611,Tokyo,Kanto,"K2号住居跡,旧27住居跡,炉址（南側）",2009,弥生農耕の起源と東アジア-炭素14年代測定による高精度編年体系の構築-平成16～20年文部科学省・科学研究費学術創成研究費　研究成果報告書,
325,PLD-9716,TRUE,1850,25,AMS,新井三丁目遺跡,Araisanchomeiseki,35.71583056,139.6619611,Tokyo,Kanto,"Y65号住居跡,旧47住居跡,柱穴B",2009,弥生農耕の起源と東アジア-炭素14年代測定による高精度編年体系の構築-平成16～20年文部科学省・科学研究費学術創成研究費　研究成果報告書,
326,PLD-9717,TRUE,1905,25,AMS,新井三丁目遺跡,Araisanchomeiseki,35.71583056,139.6619611,Tokyo,Kanto,"Y146号住居跡,旧56住居跡,炉址燃焼面,下部",2009,弥生農耕の起源と東アジア-炭素14年代測定による高精度編年体系の構築-平成16～20年文部科学省・科学研究費学術創成研究費　研究成果報告書,
327,TERRA-578#10,TRUE,173,35,AMS,風張(1)遺跡,Kazahari(1)Iseki,40.46616111,141.4994806,Aomori,Tohoku,"住居跡,道路32号",2009,弥生農耕の起源と東アジア-炭素14年代測定による高精度編年体系の構築-平成16～20年文部科学省・科学研究費学術創成研究費　研究成果報告書,
328,Tka-11782,TRUE,160,90,AMS,四葉地区遺跡,Yotsubachikuiseki,35.77168056,139.6655111,Tokyo,Kanto,D地区リー5･001 10･11号住居址,2000,板橋区四葉地区遺跡調査報告Ⅶ　四葉地区遺跡　平成11年度【本文編(中近世･古代･弥生時代編)】,
329,Missing1,TRUE,260,70,Beta Counting,柳田館遺跡,Yanagidatateiseki,39.52868056,141.0922694,Iwate,Tohoku,Ⅰ-1　Ⅲ,1980,岩手県文化財調査報告書第53集　東北縦貫自動車道関係埋蔵文化財調査報告書Ⅳ(柳田館遺跡),Labcode was missing in the original reference
330,Missing2,TRUE,225,70,Beta Counting,柳田館遺跡,Yanagidatateiseki,39.52868056,141.0922694,Iwate,Tohoku,Ⅲ-13削平地西辺の土塁Ⅱ,1980,岩手県文化財調査報告書第53集　東北縦貫自動車道関係埋蔵文化財調査報告書Ⅳ(柳田館遺跡),Labcode was missing in the original reference
331,Missing3,TRUE,315,19,AMS,宮田館跡,Miyatayakataato,39.3301,140.4530306,Akita,Tohoku,SD02,2011,横手市文化財調査報告第19集　宮田館跡･島田遺跡,Labcode was missing in the original reference
332,Missing4,TRUE,340,40,AMS,新田舘跡,Shindentateato,37.33086944,140.32205,Fukushima,Tohoku,1号堀跡　E区,2006,須賀川市文化財調査報告書第53集　仁井田地区ほ場整備事業関連遺跡発掘調査報告Ⅵ　新田舘跡,Labcode was missing in the original reference
333,Missing5,TRUE,1270,40,AMS,泉廃寺跡,Izumihaiji,37.60768889,140.8616,Fukushima,Tohoku,第16次調査地点　SX1601,2007,南相馬市埋蔵文化財調査報告書第6集　泉廃寺跡,Labcode was missing in the original reference
334,Missing6,TRUE,1200,40,AMS,泉廃寺跡,Izumihaiji,37.60768889,140.8616,Fukushima,Tohoku,第16次調査地点　SX1601,2007,南相馬市埋蔵文化財調査報告書第6集　泉廃寺跡,Labcode was missing in the original reference
335,Missing7,TRUE,300,40,AMS,増山城跡,Masuyamajoseki,36.65418889,137.0394306,Toyama,Chubu,トレンチ内(T-2)　4-③層,2003,平成14年度増山城跡総合調査概報　増山城跡Ⅵ,Labcode was missing in the original reference
336,Missing8,TRUE,2068,20,AMS,森平遺跡,Moridairaiseki,36.2566,138.4523,Nagano,Chubu,SB09　炉1,2014,長野県埋蔵文化財センター発掘調査報告書107　森平遺跡　寄塚遺跡群　今井西原遺跡　今井宮の前遺跡　中部横断自動車道建設に伴う埋蔵文化財発掘調査報告書5　佐久市内5,Labcode was missing in the original reference
337,Missing9,TRUE,2087,23,AMS,森平遺跡,Moridairaiseki,36.2566,138.4523,Nagano,Chubu,SB17　炉埋土,2014,長野県埋蔵文化財センター発掘調査報告書107　森平遺跡　寄塚遺跡群　今井西原遺跡　今井宮の前遺跡　中部横断自動車道建設に伴う埋蔵文化財発掘調査報告書5　佐久市内5,Labcode was missing in the original reference
338,Missing10,TRUE,2060,40,AMS,向原第1遺跡,Mukobarudai1iseki,32.08913056,131.4439194,Miyazaki,Kyushu,②SA3,2006,宮崎県埋蔵文化財センター発掘調査報告書　第119集　　向原第1遺跡　東九州自動車道(都農〜西都間)建設に伴う埋蔵文化財発掘調査報告書24,Labcode was missing in the original reference
339,Missing11,TRUE,1990,40,AMS,八幡第2遺跡,Hachimandai2iseki,32.243055,131.513611,Miyazaki,Kyushu,③SA4-5,2007,宮崎県埋蔵文化財センター発掘調査報告書　第148集　八幡第2遺跡　東九州自動車道(都農〜西都間)建設に伴う埋蔵文化財発掘調査報告書43,Labcode was missing in the original reference
340,Missing12,TRUE,727,18,AMS,海舞寺遺跡,Kaimaijiiseki,32.725277,131.823611,Miyazaki,Kyushu,分析番号:22　S93 Code №:10493-3,2010,宮崎県埋蔵文化財センター発掘調査報告書　第189集　海舞寺遺跡･市之串遺跡･中野内遺跡･森ノ上遺跡(弥生･古墳時代編)･力ラ石の元遺跡　東九州自動車道(県境〜北川間)建設に伴う埋蔵文化財発掘調査報告書1,Labcode was missing in the original reference
341,Missing13,TRUE,768,17,AMS,海舞寺遺跡,Kaimaijiiseki,32.725277,131.823611,Miyazaki,Kyushu,分析番号:26　S110 Code №:10493-4,2010,宮崎県埋蔵文化財センター発掘調査報告書　第189集　海舞寺遺跡･市之串遺跡･中野内遺跡･森ノ上遺跡(弥生･古墳時代編)･力ラ石の元遺跡　東九州自動車道(県境〜北川間)建設に伴う埋蔵文化財発掘調査報告書1,Labcode was missing in the original reference
342,Missing14,TRUE,1726,19,AMS,森ノ上遺跡,Morinoeiseki,32.707777,131.811388,Miyazaki,Kyushu,分析番号:171　SA4土器中 Code №:10493-15,2010,宮崎県埋蔵文化財センター発掘調査報告書　第189集　海舞寺遺跡･市之串遺跡･中野内遺跡･森ノ上遺跡(弥生･古墳時代編)･力ラ石の元遺跡　東九州自動車道(県境〜北川間)建設に伴う埋蔵文化財発掘調査報告書1,Labcode was missing in the original reference
343,Missing15,TRUE,265,20,AMS,穆佐城跡,Mukasajoato,31.93323889,131.3235806,Miyazaki,Kyushu,18号土坑,2010,宮崎市文化財調査報告書　第79集　史跡穆佐城跡　　穆佐城跡保存整備に伴う埋蔵文化財発掘調査報告書(Ⅳ),Labcode was missing in the original reference
344,Missing16,TRUE,650,20,Beta Counting,鞠智城跡,Kikuchijoato,33.02808056,130.7596694,Kumamoto,Kyushu,長者山調査区･礎石建築址,1991,熊本県文化財調査報告　第116集　鞠智城跡,Labcode was missing in the original reference
345,IAAA-170355,TRUE,2695,21,AMS,宇木汲田貝塚,Ukikundenkaizuka,33.411,130.0087,Saga,Kyushu,F-8-c 区 層位：Xa-10-17,2021,九州大学大学院人文科学研究院考古学研究室 2021 『宇木汲田貝塚』,
346,IAAA-170356,TRUE,2640,22,AMS,宇木汲田貝塚,Ukikundenkaizuka,33.411,130.0087,Saga,Kyushu,G-8-c・G-9-d 区 層位：Xa-9-67・Xa-9-70,2021,九州大学大学院人文科学研究院考古学研究室 2021 『宇木汲田貝塚』,
347,IAAA-170357,TRUE,2709,22,AMS,宇木汲田貝塚,Ukikundenkaizuka,33.411,130.0087,Saga,Kyushu,F-8-c・d ？区 層位 IXa-4-17,2021,九州大学大学院人文科学研究院考古学研究室 2021 『宇木汲田貝塚』,
348,IAAA-171860,TRUE,2681,22,AMS,宇木汲田貝塚,Ukikundenkaizuka,33.411,130.0087,Saga,Kyushu,F-8-d 区 層 Ⅸ a-3層,2021,九州大学大学院人文科学研究院考古学研究室 2021 『宇木汲田貝塚』,
349,IAAA-201348,TRUE,2710,24,AMS,宇木汲田貝塚,Ukikundenkaizuka,33.411,130.0087,Saga,Kyushu,F-8c 層位：Xa-10-17層（no.1）,2021,九州大学大学院人文科学研究院考古学研究室 2021 『宇木汲田貝塚』,
350,IAAA-201349,TRUE,2592,22,AMS,宇木汲田貝塚,Ukikundenkaizuka,33.411,130.0087,Saga,Kyushu,F-8cd 層位：IXa-4-9層（no.1）,2021,九州大学大学院人文科学研究院考古学研究室 2021 『宇木汲田貝塚』,
351,Poz-115541,TRUE,2420,30,AMS,力石条里遺跡群,Chikaraishijoriisekigun,36.46926111,138.1443806,Nagano,Chubu,SK138,2020,"Leipe, C., Long, T., Wagner, M., Goslar, T., Tarasov, P.E., 2020. The spread of rice to Japan: Insights from Bayesian analysis of direct radiocarbon dates and population dynamics in East Asia. Quaternary Science Reviews 244, 106507. ",
352,Poz-115543,TRUE,2370,30,AMS,力石条里遺跡群,Chikaraishijoriisekigun,36.46926111,138.1443806,Nagano,Chubu,SK1405,2020,"Leipe, C., Long, T., Wagner, M., Goslar, T., Tarasov, P.E., 2020. The spread of rice to Japan: Insights from Bayesian analysis of direct radiocarbon dates and population dynamics in East Asia. Quaternary Science Reviews 244, 106507. ",
353,Poz-115542,TRUE,2190,30,AMS,力石条里遺跡群,Chikaraishijoriisekigun,36.46926111,138.1443806,Nagano,Chubu,SK1405,2020,"Leipe, C., Long, T., Wagner, M., Goslar, T., Tarasov, P.E., 2020. The spread of rice to Japan: Insights from Bayesian analysis of direct radiocarbon dates and population dynamics in East Asia. Quaternary Science Reviews 244, 106507. ",
354,NUTA2-13612,TRUE,366,20,AMS,新府城跡,Shinpujoato,35.735833,138.425278,Yamanashi,Chubu,,2010,中村俊夫・田中孝幸・甲昭二・大田友子「14C実験室間の比較研究ー名古屋大学と原子力機構むつAMSシステム」、名古屋大学加速器質量分析計業績報告書XXI,
355,NUTA2-13610,TRUE,365,21,AMS,新府城跡,Shinpujoato,35.735833,138.425278,Yamanashi,Chubu,,2010,中村俊夫・田中孝幸・甲昭二・大田友子「14C実験室間の比較研究ー名古屋大学と原子力機構むつAMSシステム」、名古屋大学加速器質量分析計業績報告書XXI,
356,NUTA2-13611,TRUE,333,21,AMS,新府城跡,Shinpujoato,35.735833,138.425278,Yamanashi,Chubu,,2010,中村俊夫・田中孝幸・甲昭二・大田友子「14C実験室間の比較研究ー名古屋大学と原子力機構むつAMSシステム」、名古屋大学加速器質量分析計業績報告書XXI,
357,Poz-113871,TRUE,2100,30,AMS,前中西遺跡,Maenakanishi,36.15,139.4,Saitama,Kanto,F-04a/HE-04a,2021,"Leipe, C., Endo, E., Kuramochi, S., Wagner, M., Tarasov, P.E., 2021. Crop cultivation of Middle Yayoi culture communities (fourth century bce–first century ce) in the Kanto region, eastern Japan, inferred from a radiocarbon-dated archaeobotanical record. Veget Hist Archaeobot 30, 409–421.",
358,"NUTA2-21,202",TRUE,2007,50,AMS,前中西遺跡,Maenakanishi,36.15,139.4,Saitama,Kanto,F-01a /HE-01a,2021,"Leipe, C., Endo, E., Kuramochi, S., Wagner, M., Tarasov, P.E., 2021. Crop cultivation of Middle Yayoi culture communities (fourth century bce–first century ce) in the Kanto region, eastern Japan, inferred from a radiocarbon-dated archaeobotanical record. Veget Hist Archaeobot 30, 409–421.",
359,"NUTA2-21,204",TRUE,2120,40,AMS,前中西遺跡,Maenakanishi,36.15,139.4,Saitama,Kanto,F-09/HE-09,2021,"Leipe, C., Endo, E., Kuramochi, S., Wagner, M., Tarasov, P.E., 2021. Crop cultivation of Middle Yayoi culture communities (fourth century bce–first century ce) in the Kanto region, eastern Japan, inferred from a radiocarbon-dated archaeobotanical record. Veget Hist Archaeobot 30, 409–421.",
360,"NUTA2-21,206",TRUE,1981,90,AMS,前中西遺跡,Maenakanishi,36.15,139.4,Saitama,Kanto,F-06/HE-06,2021,"Leipe, C., Endo, E., Kuramochi, S., Wagner, M., Tarasov, P.E., 2021. Crop cultivation of Middle Yayoi culture communities (fourth century bce–first century ce) in the Kanto region, eastern Japan, inferred from a radiocarbon-dated archaeobotanical record. Veget Hist Archaeobot 30, 409–421.",
361,MTC-17432,TRUE,2090,30,AMS,岩崎遺跡群,Iwasakiisekigun,33.222,130.546,Fukuoka,Kyushu,,2015,"「福岡県八女市岩崎出土の炭化米」設楽博己・佐々木由香・國木田大・米田穣・山﨑孔平・大森貴之、東京大学考古学研究室研究紀要　巻 29, p. 147-156",
362,Missing17,TRUE,2395,30,AMS,中屋敷遺跡,Nakayashikiiseki,35.3347463,139.1673167,Kanagawa,Kanto,土坑２２,2005,「中屋敷遺跡の発掘調査成果」山本 暉久・小泉 玲子、『例日本考古学』12 巻 20 号 p. 135-147,Labcode was missing in the original reference
363,Missing18,TRUE,2320,30,AMS,中屋敷遺跡,Nakayashikiiseki,35.3347463,139.1673167,Kanagawa,Kanto,土坑２２,2005,「中屋敷遺跡の発掘調査成果」山本 暉久・小泉 玲子、『例日本考古学』12 巻 20 号 p. 135-147,Labcode was missing in the original reference
364,PLD-7201,TRUE,560,22,AMS,払田柵跡,Hottasakuato,39.468,140.549,Akita,Tohoku,SKI1810,2007,秋田県教育庁払田柵跡調査事務所 2007 『秋田県文化財調査報告書421：払田柵跡第132-134次調査概要』秋田県教育委員会,
365,PED-8085,TRUE,2107,20,AMS,諸麦遺跡,Moromugiiseki,31.71245,131.0228,Miyazaki,Kyushu,SL1,2008,宮崎県埋蔵文化財センター発掘調査報告書　第168集　諸麦遺跡　一般国道10号都城道路建設に伴う埋蔵文化財発掘調査報告書2 宮崎県埋蔵文化財センター,
366,PLD-31493,TRUE,2127,20,AMS,御供田遺跡,Gokudeniseki,33.523333,130.476944,Fukuoka,Kyushu,No.KYUS1,2021,九州大学埋蔵文化財調査室 2021 『九州大学埋蔵文化財調査室報告6：九州大学筑紫キャンパス遺跡群（御供田遺跡）総括報告書2－古墳時代・古代・中世編－』九州大学埋蔵文化財調査室,
367,IAAA-180836,TRUE,320,20,AMS,忍館城跡,Shinobu tate shiroato,38.914722,141.590833,Miyagi,Tohoku,遺構：溝跡2　床面 遺構：溝跡2　床面直上,2020,宮城県教育委員会 2020 『宮城県文化財調査報告書253：小屋館城跡・忍館城跡』宮城県教育委員会,
368,PLD-36603,TRUE,1824,18,AMS,小ブケ遺跡,Kobukeiseki,34.760833,136.466944,Mie,Kansai,"SR301_稲束, 調査区:1区i, 試料№35, 層位:29層",2019,三重県埋蔵文化財センター 2019 『三重県埋蔵文化財調査報告383：小ブケ遺跡（第３次）発掘調査報告』三重県埋蔵文化財センター,
369,PLD-37857,TRUE,1926,21,AMS,天王山遺跡,Tennoyamaiseki,37.1281,140.2536,Fukushima,Tohoku,遺物No.1（H29年度）,2021,白河市 2021 『天王山遺跡』白河市埋蔵文化財調査報告書第84集,
370,PLD-37859,TRUE,1230,21,AMS,天王山遺跡,Tennoyamaiseki,37.1281,140.2536,Fukushima,Tohoku,遺物No.31（S25年度）,2021,白河市 2021 『天王山遺跡』白河市埋蔵文化財調査報告書第84集,
371,Beta-420403,TRUE,2080,30,AMS,八日市地方遺跡,Yokaichijikataiseki,36.401666,136.456388,Ishikawa,Chubu,13 地区 E5-10-1K ZS-YSZ1-Sの1炭 / carbonized rice (ISYZ-S1) E5-10-1K overburden in District 13,2019,小松市埋蔵文化財センター 2019 『八日市地方遺跡 V5』小松市埋蔵文化財センター,
372,Beta-420404,TRUE,2250,30,AMS,八日市地方遺跡,Yokaichijikataiseki,36.401666,136.456388,Ishikawa,Chubu,"26 地区 E6-a; 7 ～ 10 期 ISYZ-S2 の炭 / (ISYZ-S2) carbonized rice excavated from the middle layer of E6-a (buried shallow valley), District 26.",2019,小松市埋蔵文化財センター 2019 『八日市地方遺跡 V5』小松市埋蔵文化財センター,
373,YU-7197,TRUE,824,20,AMS,小牧遺跡,Komaki iseki,31.445833,130.945277,Kagoshima,Kyushu,No.4 石組遺構１号,2019,公益財団法人鹿児島県文化振興財団埋蔵文化財調査センター 2019 『公益財団法人鹿児島県文化振興財団 埋蔵文化財調査センター発掘調査報告書26：小牧遺跡１　古代～近世以降編』公益財団法人鹿児島県文化振興財団埋蔵文化財調査センター,
374,YU-10196,TRUE,1311,20,AMS,春日堀遺跡,Kasugaboriiseki,31.4652,131.036538,Kagoshima,Kyushu,竪穴建物跡16号SA32 No.5イネ?,2020,公益財団法人鹿児島県文化振興財団埋蔵文化財調査センター 2020 『春日堀遺跡１　縄文時代中期～近世編』公益財団法人鹿児島県文化振興財団埋蔵文化財調査センター発掘調査報告書32,
375,PLD-31079,TRUE,206,19,AMS,富山城跡,Toyamajoato,36.69262824,137.210756,Toyama,Chubu,"調査区：4区, 遺構：4-SD1,位置：北壁⑯",2018,北陸航測株式会社 2018 『富山市埋蔵文化財調査報告93：富山城跡発掘調査報告書　第二分冊2』富山市教育委員会埋蔵文化財センター,
376,PLD-25352,TRUE,499,16,AMS,境関館遺跡,Sakaizekidateiseki,40.620555,140.508611,Aomori,Tohoku,,2014,『日本の出土米I』田中克典・上條信彦　編、弘前大学人文学部部　北日本考古学研究センター,
377,PLD-25353,TRUE,1144,18,AMS,隠川(４)遺跡,Kakuregawa(4)iseki,40.750833,140.54305,Aomori,Tohoku,,2014,『日本の出土米I』田中克典・上條信彦　編、弘前大学人文学部部　北日本考古学研究センター,
378,PLD-25354,TRUE,435,19,AMS,砂沢平遺跡,Sunazawataiiseki,40.510277,140.61277,Aomori,Tohoku,,2014,『日本の出土米I』田中克典・上條信彦　編、弘前大学人文学部部　北日本考古学研究センター,
379,PLD-25355,TRUE,1138,20,AMS,大平遺跡,Oodaiiseki,40.514722,140.60916,Aomori,Tohoku,,2014,『日本の出土米I』田中克典・上條信彦　編、弘前大学人文学部部　北日本考古学研究センター,
380,PLD-25356,TRUE,963,19,AMS,前川遺跡,Maekawaiseki,40.629444,140.543888,Aomori,Tohoku,,2014,『日本の出土米I』田中克典・上條信彦　編、弘前大学人文学部部　北日本考古学研究センター,
381,PLD-25357,TRUE,639,19,AMS,前川遺跡,Maekawaiseki,40.629444,140.543888,Aomori,Tohoku,,2014,『日本の出土米I』田中克典・上條信彦　編、弘前大学人文学部部　北日本考古学研究センター,
382,PLD-25358,TRUE,1893,18,AMS,橋原遺跡,Hashihara,36.0537661,138.0391061,Nagano,Chubu,,2014,『日本の出土米I』田中克典・上條信彦　編、弘前大学人文学部部　北日本考古学研究センター,
383,PLD-25359,TRUE,1940,17,AMS,榎田遺跡,Enokidaiseki,36.6198,138.2719,Nagano,Chubu,,2014,『日本の出土米I』田中克典・上條信彦　編、弘前大学人文学部部　北日本考古学研究センター,
384,PLD-25360,TRUE,2125,18,AMS,小塚遺跡,Kurokawakozukaiseki,36.205833,138.869444,Gunma,Kanto,,2014,『日本の出土米I』田中克典・上條信彦　編、弘前大学人文学部部　北日本考古学研究センター,
385,PLD-25361,TRUE,292,16,AMS,行幸田西遺跡,Miyukidanishiiseki,36.482,138.999,Gunma,Kanto,,2014,『日本の出土米I』田中克典・上條信彦　編、弘前大学人文学部部　北日本考古学研究センター,
386,PLD-25362,TRUE,2140,17,AMS,平梨平遺跡,Hiranashidairaiseki,36.644,138.1759,Nagano,Chubu,,2014,『日本の出土米I』田中克典・上條信彦　編、弘前大学人文学部部　北日本考古学研究センター,
387,PLD-27262,TRUE,2274,20,AMS,板付遺跡,Itazukeiseki,33.563888,130.451944,Fukuoka,Kyushu,第１１号袋状竪穴,2015,『日本の出土米　II』田中克典・佐藤洋一郎・上條信彦　弘前大学人文学部部　北日本考古学研究センター　編、六一書房,
388,PLD-27263,TRUE,879,20,AMS,亀ケ岡遺跡,Kamegaokaiseki,40.88490014,140.3395593,Aomori,Tohoku,,2015,『日本の出土米　II』田中克典・佐藤洋一郎・上條信彦　弘前大学人文学部部　北日本考古学研究センター　編、六一書房,
389,PLD-27264,TRUE,1989,20,AMS,佐原泉遺跡,Saharaizumiiseki,35.24,139.671,Kanagawa,Kanto,,2015,『日本の出土米　II』田中克典・佐藤洋一郎・上條信彦　弘前大学人文学部部　北日本考古学研究センター　編、六一書房,
390,PLD-27265,TRUE,625,20,AMS,金沢柵阯,Kanazawanozakuato,39.37319,140.5775,Akita,Tohoku,,2015,『日本の出土米　II』田中克典・佐藤洋一郎・上條信彦　弘前大学人文学部部　北日本考古学研究センター　編、六一書房,
391,PLD-27266,TRUE,2010,20,AMS,天王山遺跡,Tennoyamaiseki,37.1281,140.2536,Fukushima,Tohoku,,2015,『日本の出土米　II』田中克典・佐藤洋一郎・上條信彦　弘前大学人文学部部　北日本考古学研究センター　編、六一書房,
392,PLD-27267,TRUE,368,19,AMS,槻沢遺跡,Tsukinokizawaiseki,36.9031,139.98,Tochigi,Kanto,,2015,『日本の出土米　II』田中克典・佐藤洋一郎・上條信彦　弘前大学人文学部部　北日本考古学研究センター　編、六一書房,
393,PLD-27268,TRUE,2014,19,AMS,唐古・鍵遺跡,Karako-Kagiiseki,34.573,135.7973194,Nara,Kansai,,2015,『日本の出土米　II』田中克典・佐藤洋一郎・上條信彦　弘前大学人文学部部　北日本考古学研究センター　編、六一書房,
394,PLD-27269,TRUE,2165,20,AMS,垂柳遺跡,Tareyanagiiseki,40.633583,140.5682,Aomori,Tohoku,,2015,『日本の出土米　II』田中克典・佐藤洋一郎・上條信彦　弘前大学人文学部部　北日本考古学研究センター　編、六一書房,
395,PLD-27270,TRUE,1311,19,AMS,基肄城跡,Kiijoato,33.44339,130.5085,Saga,Kyushu,,2015,『日本の出土米　II』田中克典・佐藤洋一郎・上條信彦　弘前大学人文学部部　北日本考古学研究センター　編、六一書房,
396,PLD-27271,TRUE,1586,19,AMS,梅坂炭化米遺跡,Umesakatankamaiiseki,33.4039,130.5192,Saga,Kyushu,,2015,『日本の出土米　II』田中克典・佐藤洋一郎・上條信彦　弘前大学人文学部部　北日本考古学研究センター　編、六一書房,
397,PLD-27272,TRUE,1917,20,AMS,大場富士塚遺跡,Obafujitsukaiseki,35.5672,139.53763,Kanagawa,Kanto,,2015,『日本の出土米　II』田中克典・佐藤洋一郎・上條信彦　弘前大学人文学部部　北日本考古学研究センター　編、六一書房,
398,PLD-27273,FALSE,1241,20,AMS,手宮洞窟,Temiyadoukutsu,43.2121,141.002,Hokkaido,Hokkaido,,2015,『日本の出土米　II』田中克典・佐藤洋一郎・上條信彦　弘前大学人文学部部　北日本考古学研究センター　編、六一書房,Outside window of analysis
399,PLD-27274,TRUE,2077,20,AMS,吉田遺跡,Yoshidaiseki,33.22,130.557,Fukuoka,Kyushu,,2015,『日本の出土米　II』田中克典・佐藤洋一郎・上條信彦　弘前大学人文学部部　北日本考古学研究センター　編、六一書房,
400,PLD-27275,TRUE,2093,20,AMS,岩崎遺跡群,Iwasakiisekigun,33.222,130.546,Fukuoka,Kyushu,,2015,『日本の出土米　II』田中克典・佐藤洋一郎・上條信彦　弘前大学人文学部部　北日本考古学研究センター　編、六一書房,
401,Beta-181423,TRUE,2660,40,AMS,雀居福岡,Sasai Fukuoka,33.57935337,130.4512285,Fukuoka,Kyushu,Sample No.9,2011,『東北アジア古民族植物. 学と縄文農耕]』小畑弘己著　同成社,
402,Tka-13458,TRUE,1595,40,AMS,鷹取五反田遺跡,Matogotandatsuiseki,33.34621005,130.7285166,Fukuoka,Kyushu,Sample JF0002,2011,『東北アジア古民族植物. 学と縄文農耕]』小畑弘己著　同成社,
403,Tka-13459,TRUE,1550,40,AMS,鷹取五反田遺跡,Matogotandatsuiseki,33.34621005,130.7285166,Fukuoka,Kyushu,Sample JF0003,2011,『東北アジア古民族植物. 学と縄文農耕]』小畑弘己著　同成社,
404,GaK-17431,FALSE,3020,80,Beta Counting,小津浜遺跡,Ozuhamaiseki,35.07165,135.95125,Shiga,Kansai,"中央調査区・SD11下層,No.1",2002,琵琶湖開発関連埋蔵文化財発掘調査報告書6 小津浜遺跡 第１分冊（本文）,"Date is much earlier than all other archaeological evidence from the site (dated to Early Yayoi); No additional information on the sample (e.g. photograph), most likely contamination."
405,IAA-541,FALSE,NA,NA,Beta Counting,中尾新保谷内遺跡,Nakaoshimboyachiiseki,36.85016944,136.9477194,Toyama,Chubu,B3地区 SK2480,2009,富山県文化振興財団埋蔵文化財発掘調査報告第41集 中尾茅戸遺跡 中尾新保谷内遺跡 神明北遺跡 大野江淵遺跡発掘調査報告(第二分冊),Modern sample
406,IAAA-110795,FALSE,NA,NA,AMS,別對遺跡,Bettsuiiseki,34.61211111,135.7650111,Nara,Kansai,方形遺構埋土中 14C-1,2012,奈良県遺跡調査概報 2011年度（第一分冊）,Modern sample
407,IAAA-83002,TRUE,2327,30,AMS,市之郷遺跡,Ichinogouiseki,34.82471111,134.7073806,Hyogo,Kansai,Ⅱ区SK05土坑埋土,2010,兵庫県文化財調査報告 第372冊 姫路市 市之郷遺跡Ⅱ ―（都）大日線緊急街路整備工事に伴う発掘調査報告書―,
408,IAAA-83003,TRUE,2171,30,AMS,市之郷遺跡,Ichinogouiseki,34.82471111,134.7073806,Hyogo,Kansai,Ⅱ区SK08土坑埋土,2010,兵庫県文化財調査報告 第372冊 姫路市 市之郷遺跡Ⅱ ―（都）大日線緊急街路整備工事に伴う発掘調査報告書―,
409,IAAA-91137,TRUE,2562,30,AMS,上里遺跡,Uwazatoiseki,34.95000278,135.6843833,Kyoto,Kansai,18次調査区 流路状遺構18-1215 B地点 fセクション5・6層（56）,2010,京都市埋蔵文化財研究所発掘調査報告書 2009-9 長岡京右京二条三坊一・八町跡、上里遺跡,
410,IAAA-91139,TRUE,2460,32,AMS,上里遺跡,Uwazatoiseki,34.95000278,135.6843833,Kyoto,Kansai,18次調査区 流路状遺構18-1215 B地点 fセクション8～11層（138）,2010,京都市埋蔵文化財研究所発掘調査報告書 2009-9 長岡京右京二条三坊一・八町跡、上里遺跡,
411,PLD-14738,TRUE,2445,20,AMS,上里遺跡,Uwazatoiseki,34.95000278,135.6843833,Kyoto,Kansai,18次調査区 流路状遺構18-1215 B地点 fセクション5・6層（84）,2010,京都市埋蔵文化財研究所調査報告書第24冊 上里遺跡Ⅰ－縄文時代晩期集落遺跡の調査―,
412,PLD-14740,TRUE,2410,20,AMS,上里遺跡,Uwazatoiseki,34.95000278,135.6843833,Kyoto,Kansai,18次調査区 流路状遺構18-1215 B地点 fセクション8～11層（122）,2010,京都市埋蔵文化財研究所調査報告書第24冊 上里遺跡Ⅰ－縄文時代晩期集落遺跡の調査―,
413,PLD-2496,TRUE,1806,28,AMS,久宝寺遺跡,Kyohojiiseki,34.62336019,135.5865231,Osaka,Kansai,02-1調査区B1トレンチ 遺構05008 5-2b面,2007,（財）大阪府文化財センター調査報告書 第156集 久宝寺遺跡・竜華地区発掘調査報告書Ⅶ―分析・考察・付表編― ―寝屋川流域下水道竜華水みらいセンター水処理施設等建設事業に伴う発掘調査他―,
414,PLD-28800,TRUE,322,22,AMS,薬師寺東塔,Yakushijihigashito,34.66935,135.7915306,Nara,Kansai,基壇下 南辺東寄り、炭化物集中部 試料番号：下2,2016,薬師寺東塔基壇 国宝薬師寺東塔保存修理事業にともなう発掘調査概報,
415,PLD-4592,TRUE,2449,27,AMS,讃良郡条里遺跡,Saragunjoriiseki,34.75516528,135.6330833,Osaka,Kansai,6-143土坑（最下部） 第8b面,2009,（財）大阪府文化財センター調査報告書 第187集 讃良郡条里遺跡Ⅷ 一般国道1号バイパス（大阪北道路）・第二京阪道路建設に伴う埋蔵文化財発掘調査報告書,
416,TKA-23237,TRUE,2552,37,AMS,江辻遺跡,Etsujiiseki,33.627778,130.477778,Fukuoka,Kyushu,Charred rice gain embedded in sherd fabric (AAA pretreatment),2021,"Obata, Hiroki and Kunikita, Dai. 2021. ""Jomon People Sowed Rice a Re-Examination of the Period of Influx of Continental Grains into Japan, the ‘Etsuji Sx-1 Phase’ "" .Preprint available at SSRN: https://ssrn.com/abstract=3854690",Combine with sample 418 [sample is from the same potsherd]
417,TKA-23238,TRUE,2590,44,AMS,江辻遺跡,Etsujiiseki,33.627778,130.477778,Fukuoka,Kyushu,Charred rice gain embedded in sherd fabric,2021,"Obata, Hiroki and Kunikita, Dai. 2021. ""Jomon People Sowed Rice a Re-Examination of the Period of Influx of Continental Grains into Japan, the ‘Etsuji Sx-1 Phase’ "" .Preprint available at SSRN: https://ssrn.com/abstract=3854690",Combine with sample 417 [sample is from the same potsherd]
418,Beta-226069,TRUE,2270,40,AMS,下村遺跡,Shimomuraiseki,34.164444,131.203333,Yamaguchi,Chugoku,SK80,2007,山口県埋蔵文化財センター調査報告第60集 下村遺跡,
419,Beta-226071,TRUE,2300,40,AMS,下村遺跡,Shimomuraiseki,34.164444,131.203333,Yamaguchi,Chugoku,SU8,2007,山口県埋蔵文化財センター調査報告第60集 下村遺跡,
420,Beta-152889,TRUE,1970,40,AMS,津島遺跡,Tsushimaiseki,34.676944,133.921667,Okayama,Chugoku,土壙67,2003,岡山県埋蔵文化財発掘調査報告173 津島遺跡,
421,PLD-41669,TRUE,2214,21,AMS,神後田遺跡,Jigodeiseki,35.442777,133.052222,Shimane,Chugoku,SD48,2021,松江市文化財調査報告書 第197集 神後田遺跡発掘調査報告書,
422,OR-106,TRUE,1330,40,Beta Counting,後谷Ⅴ遺跡,Ushirodanigoiseki,35.3625,132.808611,Shimane,Chugoku,不明（奈良～平安時代）,1996,斐川町文化財調査報告15 後谷Ⅴ遺跡,
423,Beta-548173,TRUE,2460,23,AMS,福富松ノ前遺跡,Fukutomimatsunomae,35.4535,133.1161,Shimane,Chugoku,畔,2020,松江市文化財調査報告書 第194集 福富松ノ前遺跡,Site coordinate adjusted from the report
424,Beta-549729,TRUE,2559,22,AMS,福富松ノ前遺跡,Fukutomimatsunomae,35.4535,133.1161,Shimane,Chugoku,畔,2020,松江市文化財調査報告書 第194集 福富松ノ前遺跡,Site coordinate adjusted from the report
425,Beta-548181,TRUE,2471,20,AMS,福富松ノ前遺跡,Fukutomimatsunomae,35.4535,133.1161,Shimane,Chugoku,畔,2020,松江市文化財調査報告書 第194集 福富松ノ前遺跡,Site coordinate adjusted from the report
426,Tka15232,TRUE,1910,25,AMS,青谷上寺地遺跡,Aoyakamijichiiseki,35.51398889,134.0126194,Tottori,Chugoku,SK462,2011,鳥取県埋蔵文化財センター調査報告40 青谷上寺地遺跡景観復元調査研究報告書,
427,Tka15233,TRUE,1884,25,AMS,青谷上寺地遺跡,Aoyakamijichiiseki,35.51398889,134.0126194,Tottori,Chugoku,P994,2011,鳥取県埋蔵文化財センター調査報告40 青谷上寺地遺跡景観復元調査研究報告書,
428,IAAA-31452,TRUE,1780,30,AMS,青谷上寺地遺跡,Aoyakamijichiiseki,35.51398889,134.0126194,Tottori,Chugoku,SK467,2004,鳥取県埋蔵文化財センター調査報告7 青谷上寺地遺跡7,
429,KSU-2135,TRUE,370,20,Beta Counting,東桂見遺跡,Higashikatsuramiiseki,35.495,134.181111,Tottori,Chugoku,NA,1992,鳥取県教育文化財団調査報告書29 鳥取市東桂見遺跡 鳥取市布勢鶴指奥墳墓群,
430,Beta-201589,FALSE,870,40,AMS,中島遺跡,Nakasima,34.685833,133.944166,Okayama,Chugoku,土壙,2009,中島遺跡 宮南遺跡 国長遺跡 天神河原遺跡 都市計画道路竹田升田線街路改築に伴う発掘調査,Unclear whether it is rice
431,KSU-2430,TRUE,1060,20,Beta Counting,西桂見遺跡,Nishikatsurami,35.501666,134.170833,Tottori,Chugoku,SK08埋土,1996,主要地方道鳥取鹿野倉吉線道路整備事業に伴う埋蔵文化財発掘調査報告書,
432,Gak-1852,TRUE,1750,90,AMS,百塚第5遺跡,Hyakatsukadai5,35.431111,133.418611,Tottori,Chugoku,"百塚第5, SI08",1995,一般国道9号米子道路工事に伴う埋蔵文化財発掘調査報告書VII,
433,Missing19,TRUE,1490,100,Beta Counting,柳遺跡,Yanagi,35.426119,133.20818,Shimane,Chugoku,柳遺跡SK02内,1998,一般国道9号（安来道路）建設予定地内埋蔵文化財発掘調査報告書　西地区IX,Labcode was missing in the original reference
434,TO-2202,FALSE,2540,240,NA,風張(1)遺跡,Kazahari(1)Iseki,40.46616111,141.4994806,Aomori,Tohoku,Pithouse 32,1995,"D'Andrea, A. C. 1995. ""Later Jomon Subsistence in Northeastern Japan: New Evidence from Palaeoethnobotanical Studies."" Asian Perspectives 34 (2): 195-227.",Redating suggests contamination; cf Nakayama 2010
435,TO-4086,FALSE,2810,270,NA,風張(1)遺跡,Kazahari(1)Iseki,40.46616111,141.4994806,Aomori,Tohoku,Pithouse 32,1995,"D'Andrea, A. C. 1995. ""Later Jomon Subsistence in Northeastern Japan: New Evidence from Palaeoethnobotanical Studies."" Asian Perspectives 34 (2): 195-227.",Redating suggests contamination; cf Nakayama 2010
436,IAAA-101083,TRUE,610,23,AMS,大山僧坊跡,Daisensoubouato,35.391944,133.537777,Tottori,Chugoku,遺構：SK-3（平坦地南西部）,2011,大山僧坊跡調査報告書,
437,IAAA-101084,TRUE,550,24,AMS,大山僧坊跡,Daisensoubouato,35.391944,133.537777,Tottori,Chugoku,遺構：C-4区（平坦地南西部）,2011,大山僧坊跡調査報告書,
438,IAAA-133716,TRUE,260,20,AMS,大山僧坊跡,Daisensoubouato,35.391944,133.537777,Tottori,Chugoku,E-33区,2015,鳥取県西伯郡大山町町内遺跡発掘調査報告書VII（平成25年度実施分）,
439,PLD-26857-1,TRUE,2486,19,AMS,金沢坂津口遺跡,Kanazawasakaduguchiiseki,35.494444,134.1275,Tottori,Chugoku,,2017,鳥取県鳥取市金沢坂津口遺跡,